Compound,Date,Negative,Neutral,Positive,Tweet Text,Tweets Ago,User
0.0772,Mon Sep 17 18:04:04 +0000 2018,0.0,0.929,0.071,University Challenge icons @e_monkman and @Bobby_Seagull road trip around Britain in search of hidden gems of Briti‚Ä¶ https://t.co/ehTKqStAoJ,0,@BBC
0.0,Mon Sep 17 17:04:05 +0000 2018,0.0,1.0,0.0,Australia has ordered an investigation into the discovery of sewing needles hidden in strawberries.‚Ä¶ https://t.co/4VUFTkoOKt,1,@BBC
0.6996,Mon Sep 17 16:04:02 +0000 2018,0.0,0.674,0.326,"The finalists of the Comedy Wildlife Photography Awards have been announced! üêøüòÇ
 https://t.co/fB7n9B6ugV https://t.co/rBl2q4QaDa",2,@BBC
0.0,Mon Sep 17 15:03:04 +0000 2018,0.0,1.0,0.0,"Who knew Paddington had such a foul mouth?! üò±üêªüòÇ #QI

https://t.co/Si3pPqooX9",3,@BBC
-0.5574,Mon Sep 17 14:03:05 +0000 2018,0.146,0.854,0.0,"The UK's oldest person has seen the outbreak and resolution of two world wars, the sinking of the Titanic, and all‚Ä¶ https://t.co/6GLb77FEpO",4,@BBC
0.4404,Mon Sep 17 13:04:04 +0000 2018,0.0,0.791,0.209,This is truly magical: Sue and her underwater wheelchair. (Via @BBCThree) https://t.co/fKFUb94oM3,5,@BBC
0.7184,Mon Sep 17 12:02:06 +0000 2018,0.0,0.708,0.292,The Duchess of Sussex has launched her first solo charity project as a royal - a cookbook in support of Grenfell fa‚Ä¶ https://t.co/yBj2kdv4rY,6,@BBC
0.0,Mon Sep 17 11:27:23 +0000 2018,0.0,1.0,0.0,RT @bbcpress: üè¥Û†ÅßÛ†Å¢Û†Å∑Û†Å¨Û†Å≥Û†Åø @larrylamb47 leads cast of TV favourites for new drama #PitchingIn on @BBCWales and @BBCOne daytime: https://t.co/Say‚Ä¶,7,@BBC
0.0,Mon Sep 17 11:03:04 +0000 2018,0.0,1.0,0.0,"üåüüå†‚ú® The International Dark Sky Association has named Wales as a dark skies world leader... 

https://t.co/6cMHSt3mPT",8,@BBC
0.0,Mon Sep 17 10:03:05 +0000 2018,0.0,1.0,0.0,"Meet Vera, a 102-year-old Manchester City mascot. üíôÔ∏è‚öΩÔ∏è

https://t.co/TRLp6M4m6G",9,@BBC
0.0,Mon Sep 17 09:04:06 +0000 2018,0.0,1.0,0.0,"Your week, as told by @louistheroux...

https://t.co/S4y4TzziDY",10,@BBC
0.5994,Mon Sep 17 08:02:03 +0000 2018,0.0,0.755,0.245,This spectacular 'super bloom' has transformed the South African desert. üå∫üåªüå∏  https://t.co/CQwGUcetkj https://t.co/XHT1h9ycAV,11,@BBC
0.5719,Mon Sep 17 07:31:08 +0000 2018,0.0,0.802,0.198,"‚úÖ Courgetti spaghetti
‚úÖ Chicken kebab wrap
‚úÖ Vegetable curry

These recipes for students are delicious and a doddle‚Ä¶ https://t.co/9geDMjS3RJ",12,@BBC
0.0,Mon Sep 17 07:03:05 +0000 2018,0.0,1.0,0.0,"üåßÔ∏è ü§î This man claims he can control the rain, so @BBCAfrica put him to the test...

https://t.co/FKZTK9Zzoe",13,@BBC
0.4767,Sun Sep 16 19:17:07 +0000 2018,0.0,0.838,0.162,Riding on some types of roller-coaster is an effective way of removing kidney stones. üé¢üè• https://t.co/kpRbQFUbSq https://t.co/cBJWvkx7OZ,14,@BBC
0.0,Sun Sep 16 17:04:06 +0000 2018,0.0,1.0,0.0,From overnight oats to kids' fruit cobbler: here are some quick and simple blackberry recipes.  üòç‚Ä¶ https://t.co/R3NOxFaED1,15,@BBC
0.0,Sun Sep 16 16:02:03 +0000 2018,0.0,1.0,0.0,From Viola Davis to Robert Pattinson: these are the stars who 'regret' their big roles. https://t.co/jfEkKsKryO https://t.co/yD6fxIOBXg,16,@BBC
0.0,Sun Sep 16 15:03:04 +0000 2018,0.0,1.0,0.0,"""You cannot make clothes without pockets!"" 

Miriam getting a makeover is everything. ‚ù§Ô∏èÔ∏è

https://t.co/WfjTPgFROW",17,@BBC
-0.1531,Sun Sep 16 14:04:05 +0000 2018,0.176,0.676,0.149,A new scientific study suggests that there are strong similarities between near death experiences and psychedelic d‚Ä¶ https://t.co/xgw82FQzeZ,18,@BBC
0.0,Sun Sep 16 14:01:39 +0000 2018,0.0,1.0,0.0,RT @BBCSport: We ‚ù§Ô∏è Vera! https://t.co/4jTELqBPBv,19,@BBC
0.5983,Sun Sep 16 13:02:01 +0000 2018,0.0,0.777,0.223,"This is unbelievable! üëïüì≤Ô∏è‚öΩÔ∏è

Sam is 17 and sells clothes to the likes of @paulpogba, @kylewalker2 and @aubameyang7.

https://t.co/OcXmoK4IlQ",20,@BBC
-0.7717,Sun Sep 16 11:02:07 +0000 2018,0.283,0.717,0.0,"""If someone offered me my arms back, I wouldn't take them"".

Seok Chang-woo lost both arms in a horrific accident,‚Ä¶ https://t.co/32iRbW38uV",21,@BBC
0.5574,Sun Sep 16 10:03:03 +0000 2018,0.0,0.66,0.34,"üòÇüòÇüòÇ @kenjeong's laugh is ICONIC. 

@crazyrichmovie @aliplumb

https://t.co/WQu5bdPeQP",22,@BBC
0.6588,Sun Sep 16 09:50:43 +0000 2018,0.0,0.747,0.253,"Space race! üöÄüèÉ‚≠êÔ∏è

@usainbolt is just as great at running in zero gravity...

https://t.co/JRVh3a5TZZ",23,@BBC
0.4588,Sun Sep 16 08:37:46 +0000 2018,0.0,0.875,0.125,"RT @bbcthree: All your fav bits from Ep 1 in one tasty vid.

The #KillingEve boxset is on BBC Three iPlayer now. https://t.co/Fzw1UJZApc",24,@BBC
0.0,Sun Sep 16 08:03:03 +0000 2018,0.0,1.0,0.0,‚ÄúSingapore is a character in this film‚Äù: @gemma_chan talks to Steve Wright about her role in #CrazyRichAsians. üé¨üçø‚Ä¶ https://t.co/A2AjFScRV0,25,@BBC
-0.25,Sun Sep 16 07:32:07 +0000 2018,0.298,0.484,0.218,Can cold water swimming treat depression? üíô https://t.co/iGy1AyPJ0V https://t.co/hXu5SFpgTn,26,@BBC
0.6249,Sun Sep 16 07:02:03 +0000 2018,0.104,0.63,0.266,"These beautiful fish have devastating effects on their habitat, but @reef_org are working to save Miami's coastal w‚Ä¶ https://t.co/qXCjAfHtix",27,@BBC
0.4019,Sat Sep 15 21:03:05 +0000 2018,0.0,0.886,0.114,"üêÆü§îüêê Do you know your beef from your GOAT? 

üí¨ Police have compiled a list of slang words to help them understand te‚Ä¶ https://t.co/Zw5LGI8bVv",28,@BBC
-0.91,Sat Sep 15 19:14:04 +0000 2018,0.489,0.511,0.0,"Spying, obsession, murder. @iamsandraoh and @jodiecomer star in Killing Eve. 

#KillingEve | 9:15pm | @BBCOne |‚Ä¶ https://t.co/fQDJ2Pc0Az",29,@BBC
0.4404,Sat Sep 15 17:49:36 +0000 2018,0.0,0.791,0.209,RT @bbcthree: This is truly magical: Sue and her underwater wheelchair. https://t.co/CRXs4SlmvL,30,@BBC
0.4215,Sat Sep 15 17:03:02 +0000 2018,0.0,0.817,0.183,"Celebrity dancers from the past 15 years share the inside scoop on their @bbcstrictly experience... üíÉüï∫‚ú®

Strictly C‚Ä¶ https://t.co/UlbvXy2MHj",31,@BBC
-0.5106,Sat Sep 15 16:05:05 +0000 2018,0.202,0.798,0.0,"‚òïÔ∏è ‚ÄòWhy I rejected Costa Coffee‚Äôs ¬£120k offer for my roadside caf√©‚Äô. 

üìªüëâ https://t.co/RSJYIVt5zs https://t.co/mjLYBMHFto",32,@BBC
0.1007,Sat Sep 15 15:04:01 +0000 2018,0.0,0.92,0.08,"What a shot!  üò≤üì∑üêü

This photographer captured an image of a heron eating a fish that's eating another fish. 

https://t.co/6Gm608h6n0",33,@BBC
-0.4404,Sat Sep 15 14:03:04 +0000 2018,0.121,0.879,0.0,"The head of a major music label in South Korea has denied reports HyunA and E'Dawn, two members of the pop trio‚Ä¶ https://t.co/veTBbeS7MI",34,@BBC
0.0,Sat Sep 15 13:02:04 +0000 2018,0.0,1.0,0.0,"With a suit, shirt and a pair of shoes, Maria can make a life-changing difference. üëî

https://t.co/rdmt94Cuh7",35,@BBC
0.6239,Sat Sep 15 11:02:08 +0000 2018,0.0,0.687,0.313,"This is the cutest robot we've ever seen! üòçü§ñ

https://t.co/tfBJGGJWmc",36,@BBC
0.4588,Sat Sep 15 10:03:03 +0000 2018,0.0,0.842,0.158,"SO üòçMANY üòçDOGS üòç

Meet Iain, the man behind an Instagram account dedicated to dogs in Glasgow. 

https://t.co/pL0MUcvkFk",37,@BBC
0.0,Sat Sep 15 09:00:17 +0000 2018,0.0,1.0,0.0,"RT @bbcthree: These kids did not hold back.
#Strictly https://t.co/ltrw4PW3j3",38,@BBC
-0.4404,Sat Sep 15 08:57:03 +0000 2018,0.162,0.838,0.0,"RT @BBCOne: Wondering whodunnit in #Bodyguard? Don‚Äôt worry, #LineOfDuty's Ted Hastings is on the case... https://t.co/joi7gZo7Qs",39,@BBC
-0.7184,Sat Sep 15 08:02:07 +0000 2018,0.273,0.727,0.0,"Commuters applying make-up is a major source of irritation to some train passengers. 

But what's the problem, and‚Ä¶ https://t.co/8mJ0XKWGH1",40,@BBC
0.5859,Sat Sep 15 07:32:04 +0000 2018,0.0,0.787,0.213,'Flower-vase hair' is the latest beauty trend you didn't know you wanted. üíêüíÅ https://t.co/aE4jL21UWD https://t.co/HA783PBpLt,41,@BBC
-0.2263,Sat Sep 15 07:03:03 +0000 2018,0.095,0.905,0.0,"'Some mothers would bawl for days'. üêÆü•õ

This dairy farmer has stopped taking calves away from their mothers.

https://t.co/COEsnRrHMD",42,@BBC
0.0,Fri Sep 14 20:02:09 +0000 2018,0.0,1.0,0.0,"Hugh Dennis and @daraobriain look back at the week's news with @tomallencomedy, @MrEdByrne, @rhysjamesy,‚Ä¶ https://t.co/yCq4Hp7p7r",43,@BBC
0.0,Fri Sep 14 18:03:05 +0000 2018,0.0,1.0,0.0,"A celebration of the critically acclaimed female singers who, decade by decade, changed the world one note at a tim‚Ä¶ https://t.co/tJoOLgqCFT",44,@BBC
0.0,Fri Sep 14 16:14:47 +0000 2018,0.0,1.0,0.0,"RT @BBCSport: Friday night, as brought to you by Jose Mourinho üçªü•Çüï∫ü§¢ https://t.co/ybHzwXtvvt",45,@BBC
0.0,Fri Sep 14 16:02:00 +0000 2018,0.0,1.0,0.0,Actual footage of my weekend plans... üò¥ #FridayFeeling https://t.co/ur7TezLIWn,46,@BBC
0.0,Fri Sep 14 15:02:09 +0000 2018,0.0,1.0,0.0,"Gin + collagen = collagin! üç∏

Could this gin make you look younger? ü§∑ #DragonsDen

https://t.co/WoLuk1qE2r",47,@BBC
0.34,Fri Sep 14 14:45:34 +0000 2018,0.092,0.76,0.148,"RT @BBCFOUR: Amy Winehouse changed the landscape of modern pop culture, achieving both critical acclaim and global success. Here, she talks‚Ä¶",48,@BBC
0.3612,Fri Sep 14 13:57:04 +0000 2018,0.0,0.889,0.111,"‚ÄúWhere the listener or reader expects a name, the brain pauses, and you can slide whatever you like into that gap.‚Äù‚Ä¶ https://t.co/OzIuOJvT8e",49,@BBC
0.0,Fri Sep 14 13:02:05 +0000 2018,0.0,1.0,0.0,"Today would have been Amy Winehouse's 35th Birthday. ‚ù§Ô∏èÔ∏è

What's your favourite Amy track?

https://t.co/w9zbzGhFpm",50,@BBC
0.0,Fri Sep 14 11:03:02 +0000 2018,0.0,1.0,0.0,"'Without fungi, ecosystems would collapse'. üçÑüå±

Scientists think that fungi could break down plastic! üî¨‚ôªÔ∏è

https://t.co/JrPYTaeMYO",51,@BBC
-0.4767,Fri Sep 14 10:03:04 +0000 2018,0.194,0.806,0.0,"This man reported his 5-year-old-son missing after his ex-partner stopped him seeing him. 

What happened next is u‚Ä¶ https://t.co/sIAVUrJxWg",52,@BBC
0.0,Fri Sep 14 09:15:42 +0000 2018,0.0,1.0,0.0,RT @bbc5live: This was @Rachael_Hodges final podcast recording with @bowelbabe and @GIRLSTOLELONDON - and they're talking ‚ÄòAbout The New No‚Ä¶,53,@BBC
0.0,Fri Sep 14 09:04:05 +0000 2018,0.0,1.0,0.0,"What does the S on Superman's chest stand for? (Hint: It's not Super!) üòÇ #QI

https://t.co/9YIvz5nUNV",54,@BBC
-0.0935,Fri Sep 14 08:03:01 +0000 2018,0.137,0.742,0.121,"Iron-deficiency anaemia is the world's most common nutritional disorder.

Here's how to ensure you get enough iron‚Ä¶ https://t.co/susxAfvdNI",55,@BBC
-0.4588,Fri Sep 14 07:32:01 +0000 2018,0.143,0.857,0.0,"A mother who was forced to stand while breastfeeding on a crowded train, has urged people to show ""common courtesy""‚Ä¶ https://t.co/7QmDpmiH8G",56,@BBC
0.0,Thu Sep 13 19:08:05 +0000 2018,0.0,1.0,0.0,"You'll never look at University in the same way again... üòÇ
 #QI

https://t.co/5S0bCZKvZT",57,@BBC
0.6114,Thu Sep 13 17:04:06 +0000 2018,0.0,0.6,0.4,"Happy birthday @NiallOfficial, never change! üéàüáÆüá™

https://t.co/VjE3e26tb9",58,@BBC
0.4199,Thu Sep 13 16:03:14 +0000 2018,0.0,0.872,0.128,"RT @BBCR1: üéâ Tickets for the #R1TeenAwards are ON SALE NOW! üéâ

Go here for tickets üëâ https://t.co/BsVVX86K4J

Get ready for performances fr‚Ä¶",59,@BBC
0.457,Thu Sep 13 16:03:03 +0000 2018,0.113,0.688,0.199,"It's impossible to watch this without laughing! üòÇ

A Scottish Granny has gone viral after she REALLY enjoyed readin‚Ä¶ https://t.co/rGzHqvqOSj",60,@BBC
0.3818,Thu Sep 13 15:03:07 +0000 2018,0.0,0.822,0.178,These stunning photographs capture life on the coast of Britain. üì∑üåä https://t.co/F4KhfftK5f https://t.co/bIeniftu8e,61,@BBC
0.8104,Thu Sep 13 14:03:03 +0000 2018,0.115,0.527,0.358,"""I love writing and reading about horrible people. They are much more fun than nice people."" 

Roald Dahl discusses‚Ä¶ https://t.co/a1UjqXSvYq",62,@BBC
0.5994,Thu Sep 13 11:02:03 +0000 2018,0.0,0.822,0.178,"What happens to your body when you beatbox? üîäüíÄ

Scientists put beatbox champion @_GraceSavage through an MRI scanne‚Ä¶ https://t.co/ltQ78Q0U6g",63,@BBC
0.0,Thu Sep 13 10:30:00 +0000 2018,0.0,1.0,0.0,"The coral triangle in south-east Asia is home to more marine species than anywhere else. 

But it‚Äôs also home to an‚Ä¶ https://t.co/DPrkXRhdzD",64,@BBC
0.5106,Thu Sep 13 09:04:08 +0000 2018,0.116,0.612,0.272,Outstanding in their fields: these scarecrows are incredible. üëèüå≥ https://t.co/2oQpyhVF8o https://t.co/4sL0xUAFHc,65,@BBC
0.5719,Thu Sep 13 08:04:03 +0000 2018,0.0,0.73,0.27,"This wonderful woman rehabilitates animals for a living. ‚ù§Ô∏èÔ∏è



(Via @BBCThree)


https://t.co/vr8ikmTsbJ",66,@BBC
0.4688,Thu Sep 13 07:31:07 +0000 2018,0.0,0.831,0.169,"What a paw-trait! üê∂üì∏ These photographs prove that dogs really do look like their owners. 

üëâ https://t.co/8dARVaIdP9 https://t.co/A39cl3LQgw",67,@BBC
0.6369,Thu Sep 13 06:59:04 +0000 2018,0.0,0.698,0.302,"üé∂üèñWhat it's like raving in a wheelchair on the party island of Ibiza. 

https://t.co/gQmhDNpZx2 https://t.co/jNfX5Go0tT",68,@BBC
0.6114,Thu Sep 13 06:03:01 +0000 2018,0.0,0.826,0.174,Think it's impossible to draw a perfect circle? Think again! All you need is a couple of pens and a paperclip... üò≤‚Ä¶ https://t.co/0BTSrCRZX0,69,@BBC
0.9136,Wed Sep 12 19:03:07 +0000 2018,0.0,0.542,0.458,"Inspired by actual events, Trust delves into the trials and triumphs of one of America's wealthiest and unhappiest‚Ä¶ https://t.co/mwSoUz00kc",70,@BBC
0.1511,Wed Sep 12 17:03:07 +0000 2018,0.146,0.671,0.183,"What a treat! @stephenfry and @MichaelRosenYes discuss their mutual obsession with language. 

üìªüëâ‚Ä¶ https://t.co/UlYCeDzYZz",71,@BBC
0.3612,Wed Sep 12 16:04:01 +0000 2018,0.0,0.828,0.172,"‚úèÔ∏èüìñIf you ever see a question like this on an exam... RUN. üòÇ
Ôøº
 #MockTheWeek

https://t.co/qLX02EBwuD",72,@BBC
-0.25,Wed Sep 12 15:02:02 +0000 2018,0.093,0.854,0.053,Elle lost her son Teddy soon after he was born. She wants to challenge the idea that a person can only be considere‚Ä¶ https://t.co/7MBjJU6AFA,73,@BBC
-0.296,Wed Sep 12 14:03:05 +0000 2018,0.152,0.742,0.105,American singer Charlie Puth says he tried to get Mac Miller clean and sober before the rapper's death last week.‚Ä¶ https://t.co/d3a3aKtyhg,74,@BBC
0.5574,Wed Sep 12 13:08:06 +0000 2018,0.0,0.841,0.159,üòÇ@Scott_Mills and @Chris_Stark put ‚Äúthe funniest man in British sport‚Äù @petercrouch to the test by getting him to t‚Ä¶ https://t.co/ldUXyI50Kx,75,@BBC
0.5719,Wed Sep 12 12:29:07 +0000 2018,0.0,0.783,0.217,"In the 1950s, when #PrincessMargaret wanted to marry ""a commoner,"" the British public were surprisingly keen on the‚Ä¶ https://t.co/o5u2vFgVtZ",76,@BBC
0.2975,Wed Sep 12 11:32:05 +0000 2018,0.0,0.784,0.216,"""It's sorta like Crufts for project managers.‚Äù üòÇ

https://t.co/fWqUSMfh1D¬†

https://t.co/OGyrFSfULW",77,@BBC
-0.4767,Wed Sep 12 10:14:06 +0000 2018,0.129,0.871,0.0,"Of all the things that could happen to a person, there's few things that could be worse‚Ä¶.

The Cry: coming soon to‚Ä¶ https://t.co/Ifph2SY3U3",78,@BBC
0.4215,Wed Sep 12 09:15:11 +0000 2018,0.0,0.865,0.135,RT @bbcpress: ‚ú®üé§‚ú® YouTube star and online influencer @anna_maynard announced as new presenter of @CBBC talent show #GotWhatItTakes: https:/‚Ä¶,79,@BBC
0.0,Wed Sep 12 09:02:01 +0000 2018,0.0,1.0,0.0,"üêªüçÅThis year's #Autumnwatch will take the team to New England, bringing you the most spectacular of seasons in four‚Ä¶ https://t.co/lFI4SoY2yL",80,@BBC
0.128,Wed Sep 12 08:01:07 +0000 2018,0.096,0.786,0.118,"üçî""My son's getting clean protein‚Ä¶ and no cholesterol.‚Äù

Meet the dad who feeds his son burgers almost every day.‚Ä¶ https://t.co/OCCcPs1EDy",81,@BBC
0.0,Wed Sep 12 07:31:00 +0000 2018,0.0,1.0,0.0,"Every year 640,000 tonnes of plastic from the fishing industry enters the sea. üé£

‚ôªÔ∏èBut there‚Äôs nowhere in the UK i‚Ä¶ https://t.co/V8Hcc4L02V",82,@BBC
-0.0772,Wed Sep 12 06:55:06 +0000 2018,0.123,0.769,0.108,"üöóüé® Meet James, aka Vanksy, a gas engineer who creates art from the dirt left on vehicles üñå

https://t.co/mhofR4xyH2",83,@BBC
0.6369,Tue Sep 11 19:07:02 +0000 2018,0.0,0.802,0.198,"üê∂üé¨ Ladybird and Snowflake were cast to star in the new British romantic comedy, Dusty &amp; Me. 

But what does it take‚Ä¶ https://t.co/SvufrDjxDs",84,@BBC
-0.5719,Tue Sep 11 17:59:04 +0000 2018,0.381,0.619,0.0,"The horror of online dating üòÇ

#Wanderlust 

https://t.co/d6wVsWssKL",85,@BBC
0.0,Tue Sep 11 17:05:07 +0000 2018,0.0,1.0,0.0,"A series following the life of Princess Margaret as she re-defined our image of the modern princess, profiling how‚Ä¶ https://t.co/6DHnhGO4hk",86,@BBC
0.34,Tue Sep 11 16:25:09 +0000 2018,0.0,0.833,0.167,RT @bbccomedy: Literally every time I auditioned for the school play.  #UpstartCrow @RealDMitchell https://t.co/pIhDkU2tXT,87,@BBC
0.783,Tue Sep 11 15:58:00 +0000 2018,0.0,0.712,0.288,"üßÄPastry, ham and gouda cheese...üòã 

Combine them all to make a breakfast fit for kings in this wonderful centrepiec‚Ä¶ https://t.co/oBXEW23R9z",88,@BBC
0.0,Tue Sep 11 14:18:08 +0000 2018,0.0,1.0,0.0,"RT @BBCSpringwatch: The New England colour change is so spectacular it can be seen from space üò≤
#TuesdayThoughts #Autumnwatch https://t.co/‚Ä¶",89,@BBC
0.0,Tue Sep 11 13:00:20 +0000 2018,0.0,1.0,0.0,üéæüèîTennis player @DjokerNole says a five-day hike in the mountains with his wife transformed his season.‚Ä¶ https://t.co/HhWQLKLETX,90,@BBC
0.3291,Tue Sep 11 12:00:19 +0000 2018,0.0,0.899,0.101,"It can be expensive and the success rates are still relatively unknown, but lots of women under 35 are having their‚Ä¶ https://t.co/zJFMatf5Cu",91,@BBC
0.5267,Tue Sep 11 11:05:05 +0000 2018,0.0,0.673,0.327,"üè° Would a bigger house make you happier?

https://t.co/ChtZlzE4CQ https://t.co/B4hvdNF1y5",92,@BBC
-0.34,Tue Sep 11 08:50:06 +0000 2018,0.107,0.893,0.0,From Nicki Minaj and Cardi B to Lady Gaga and Madonna - here are 8 of the biggest feuds in pop music üé∂‚û°Ô∏è‚Ä¶ https://t.co/bWV2ghkB1X,93,@BBC
0.4939,Tue Sep 11 08:02:04 +0000 2018,0.0,0.824,0.176,"Holly helped save someone's life, and changed her own in the process. 
#SavingLivesAtSea via @BBCThree  https://t.co/1Ca63uE4RF",94,@BBC
-0.6771,Tue Sep 11 07:27:05 +0000 2018,0.293,0.707,0.0,"Why were there so many serial killers in the 1980s?
üëâ https://t.co/JnQWlHeFvS https://t.co/F02uRnIBIU",95,@BBC
0.3612,Tue Sep 11 07:00:13 +0000 2018,0.0,0.828,0.172,‚ù§Ô∏è This club in Glasgow is running nights aimed at promoting inclusivity. https://t.co/zCXTsZVJ2v,96,@BBC
0.0,Mon Sep 10 19:06:03 +0000 2018,0.0,1.0,0.0,"James Fox tells the story of Australia's indigenous culture, the oldest continuous culture anywhere in the world, a‚Ä¶ https://t.co/5pAyJOvHUW",97,@BBC
0.0,Mon Sep 10 18:05:05 +0000 2018,0.0,1.0,0.0,Cooling down - elephant style üêò https://t.co/niviG9h3Cg,98,@BBC
-0.8402,Mon Sep 10 17:02:07 +0000 2018,0.444,0.556,0.0,"Suicide kills more men under 50 than anything else.

#WorldSuicidePreventionDay #WSPD

https://t.co/sshexDg1vi",99,@BBC
0.9642,Mon Sep 17 22:01:52 +0000 2018,0.0,0.473,0.527,"RT @PriceIsRight: We're thrilled to be back with all new, fun, and exciting shows!!  We hope to give you another award winning season! HERE‚Ä¶",0,@CBS
0.0,Mon Sep 17 21:41:20 +0000 2018,0.0,1.0,0.0,RT @SalvationCBS: X marks the spot on the heart-stopping season finale of #SalvationCBS tonight at 9/8c on CBS &amp; CBS All Access: https://t.‚Ä¶,1,@CBS
0.3612,Mon Sep 17 19:18:37 +0000 2018,0.0,0.737,0.263,Waiting for tonight's @Elementary_CBS season finale like https://t.co/Ou8342vGT9,2,@CBS
-0.2263,Sun Sep 16 23:48:59 +0000 2018,0.091,0.909,0.0,"Due to an NFL overrun, the CBS Sunday lineup is delayed in the East/Central cities ONLY. New start times:‚Ä¶ https://t.co/IypoJ0l16P",3,@CBS
0.0,Sun Sep 16 14:33:46 +0000 2018,0.0,1.0,0.0,RT @CBSAllAccess: Sundays were made for NFL on CBS. üèàüíØ Stream NFL on CBS All Access live today: https://t.co/vsod8jGE7N https://t.co/co2528‚Ä¶,4,@CBS
-0.4322,Sat Sep 15 16:00:01 +0000 2018,0.159,0.771,0.07,"What happens when a PTA mom steals nearly $100,000 from her daughter's school? Don't miss the #PinkCollarCrimes sea‚Ä¶ https://t.co/Gjiy0pByaE",5,@CBS
-0.2481,Fri Sep 14 18:22:59 +0000 2018,0.248,0.571,0.181,"RT @CBSAllAccess: No internet, no problem. You can now download and play your favorite shows on CBS All Access! üôå Learn how: https://t.co/y‚Ä¶",6,@CBS
0.0,Thu Sep 13 20:52:06 +0000 2018,0.0,1.0,0.0,@PlaggemeyLee Mac's putting something together. üòâ https://t.co/6ww5HlV6Bx,7,@CBS
0.0,Thu Sep 13 20:28:06 +0000 2018,0.0,1.0,0.0,This just in... https://t.co/QG3OYF6Rfv,8,@CBS
0.4753,Thu Sep 13 18:06:49 +0000 2018,0.083,0.699,0.218,RT @CBSAllAccess: Get excited! Stream original #MurphyBrown episodes for a limited time on CBS All Access before the @MurphyBrownCBS reviva‚Ä¶,9,@CBS
0.0,Mon Sep 10 17:06:16 +0000 2018,0.0,1.0,0.0,"This just in! The 54th #ACMawards will air LIVE from Las Vegas on Sunday, April 7, 2019 at 8/7c on CBS and‚Ä¶ https://t.co/Q9e7qxe26l",10,@CBS
-0.2263,Sun Sep 09 23:36:09 +0000 2018,0.083,0.917,0.0,"Due to an NFL overrun, CBS is delayed 17 mins in the following markets: Kansas City, Miami, Tampa, NOLA, New York,‚Ä¶ https://t.co/9eXZ9mA1Xb",11,@CBS
0.6705,Sun Sep 09 14:00:00 +0000 2018,0.0,0.718,0.282,Are you ready for some football? üèà Stream your favorite NFL games LIVE on #CBSAllAccess today:‚Ä¶ https://t.co/eHt8guHoyv,12,@CBS
0.4215,Sat Sep 08 16:20:43 +0000 2018,0.0,0.851,0.149,An unforgettable night of inspiring stories and performances highlighting the 10 years of impact #StandUpToCancer c‚Ä¶ https://t.co/8bp2XNKwfH,13,@CBS
0.0,Sat Sep 08 00:00:00 +0000 2018,0.0,1.0,0.0,The star-studded event is about to begin! Tune in now to watch #StandUpToCancer on CBS and @cbsallaccess. https://t.co/cD8TJuQBog,14,@CBS
-0.5411,Fri Sep 07 23:15:09 +0000 2018,0.196,0.712,0.092,"RT @cbsallaccess: Join #TellMeAStory's @daniellemcam, @BillyMagnussen &amp; Dorian Missick by standing up to cancer! Watch @SU2C tonight at 8/7‚Ä¶",15,@CBS
0.0,Fri Sep 07 21:50:51 +0000 2018,0.0,1.0,0.0,Tune in to a first-of-its-kind digital live show as lead up to @SU2C‚Äôs televised event tonight! The show will featu‚Ä¶ https://t.co/hIVaLAXYmR,16,@CBS
-0.296,Thu Sep 06 22:10:49 +0000 2018,0.121,0.879,0.0,Hollywood legend Burt Reynolds has passed away at the age of 82. He will be missed. https://t.co/HSmcJ9X9iC,17,@CBS
0.4753,Thu Sep 06 19:00:01 +0000 2018,0.0,0.808,0.192,Here are @FBICBS‚Äô @JeremySisto and @EboneeReigne with a powerful message before #StandUpToCancer airs tomorrow! https://t.co/OCqh91N1OO,18,@CBS
0.0,Wed Sep 05 21:00:00 +0000 2018,0.0,1.0,0.0,Here's everything you need to know before tuning into #StandUpToCancer this Friday at 8/7c: https://t.co/IT9ht84TZ1 https://t.co/OK4AOxw5mP,19,@CBS
0.3612,Wed Sep 05 17:32:40 +0000 2018,0.0,0.889,0.111,Survivor host @JeffProbst is here to break down the theme of #Survivor: David vs. Goliath before the new season beg‚Ä¶ https://t.co/8TcA200eFQ,20,@CBS
0.6908,Wed Sep 05 16:48:09 +0000 2018,0.0,0.467,0.533,"Thanks, @StephenAtHome. 
P.S. Nice beard. #LSSC https://t.co/wppVtfR9cL",21,@CBS
0.4215,Tue Sep 04 20:34:26 +0000 2018,0.0,0.865,0.135,The biggest names in entertainment are coming together once again for #StandUpToCancer this Friday at 8/7c on @CBS‚Ä¶ https://t.co/ntuGKLYvuW,22,@CBS
0.6514,Sat Sep 01 15:25:34 +0000 2018,0.0,0.829,0.171,RT @cbsallaccess: Stream #17 @WestVirginiaU vs. @UTKnoxville LIVE today at 3:30PM ET on CBS All Access! Try 1 month FREE using code BINGENO‚Ä¶,23,@CBS
0.0,Fri Aug 31 21:26:49 +0000 2018,0.0,1.0,0.0,"In just one week, @RWitherspoon, @McConaughey, Jennifer Garner, and more will attend the #‚ÄãStandUpToCancer fundrais‚Ä¶ https://t.co/iHKGOoWejA",24,@CBS
0.0,Fri Aug 31 18:01:01 +0000 2018,0.0,1.0,0.0,"Believe in miracles. Watch this sneak peek of the complete premiere episode of @GodFriendedMe now, a month before i‚Ä¶ https://t.co/5AIUH5VmMk",25,@CBS
-0.6908,Thu Aug 30 19:45:51 +0000 2018,0.239,0.761,0.0,"RT @cbsallaccess: Money. Murder. Mystery. #OneDollar is now streaming, exclusively on CBS All Access. https://t.co/3qFdTEmVU5 https://t.co/‚Ä¶",26,@CBS
0.6239,Thu Aug 30 15:32:47 +0000 2018,0.0,0.83,0.17,RT @GodFriendedMe: It's a godsend! We're dropping the #GodFriendedMe pilot tomorrow right here on Twitter for you to stream a full month be‚Ä¶,27,@CBS
0.0,Mon Aug 27 23:36:57 +0000 2018,0.0,1.0,0.0,"It's almost time for sweater weather, pumpkin spice lattes, and CBS Fall TV premieres. Check out the storylines for‚Ä¶ https://t.co/BpgDyYl8fc",28,@CBS
-0.4389,Fri Aug 24 20:30:16 +0000 2018,0.121,0.879,0.0,RT @cbsallaccess: #NFL preseason coverage is here! üèà The Detroit @Lions battle the Tampa Bay @Buccaneers tonight at 8PM ET. Stream the game‚Ä¶,29,@CBS
0.0,Wed Aug 22 20:55:25 +0000 2018,0.0,1.0,0.0,"@bigbangtheory üé∂...happy kitty, sleepy kitty, purr purr purrüé∂ #TheBigBangTheory https://t.co/sEObppGJlZ",30,@CBS
0.0,Wed Aug 22 20:10:12 +0000 2018,0.0,1.0,0.0,"This is going to require multiple singings of ""Soft Kitty."" https://t.co/UdRGNeQ7Lb",31,@CBS
0.5423,Mon Aug 20 21:59:56 +0000 2018,0.0,0.829,0.171,Got to get more of the @PaulMcCartney #CarpoolKaraoke into your life? @latelateshow produced an hour-long bonus spe‚Ä¶ https://t.co/DjPqajo6Xn,32,@CBS
0.3182,Fri Aug 17 17:42:02 +0000 2018,0.0,0.887,0.113,"How much does it cost to bury the truth? 
#OneDollar premieres August 30, exclusively on CBS All Access. https://t.co/ZL5TBH9ro5",33,@CBS
0.0,Thu Aug 16 18:40:09 +0000 2018,0.0,1.0,0.0,Things got carried away when @ArianaGrande joined @latelateshow for #CarpoolKaraoke. So did Ariana. #ArianaCarpool https://t.co/WSZcC0TaYz,34,@CBS
-0.5267,Thu Aug 16 00:09:03 +0000 2018,0.188,0.72,0.092,RT @cbsallaccess: Murder mystery set in a small town? We're in. Rediscover the genius of original #TwinPeaks co-creators @DAVID_LYNCH and @‚Ä¶,35,@CBS
0.0,Sun Aug 12 23:30:02 +0000 2018,0.0,1.0,0.0,New start times for @60Minutes 7:20ET/6:20CT @CBSBigBrother 8:20ET/7:20CT @NCISLA 9:20ET/8:20CT @Elementary_CBS 10:‚Ä¶ https://t.co/Op9VcDsREa,36,@CBS
0.4389,Sun Aug 12 15:04:59 +0000 2018,0.0,0.874,0.126,Clear your schedules for the 100th #PGAChamp! Stream the Final Round LIVE on @cbsallaccess at 2 PM ET across all de‚Ä¶ https://t.co/m6bH2pKTUN,37,@CBS
-0.3182,Sat Aug 11 18:00:00 +0000 2018,0.103,0.897,0.0,The fortune teller you‚Äôll meet this Saturday lived a life of luxury... by scamming her victims out of hundreds of t‚Ä¶ https://t.co/fJo6F2Eo5p,38,@CBS
0.4926,Sat Aug 11 15:00:02 +0000 2018,0.0,0.856,0.144,The 100th PGA Championship continues today! Stream it LIVE on @cbsallaccess at 2PM ET across all devices. Try 1 Wee‚Ä¶ https://t.co/jbMg06eOND,39,@CBS
0.8957,Fri Aug 10 22:28:55 +0000 2018,0.0,0.581,0.419,"To celebrate the 100th PGA Championship, relive some of the tournament's greatest moments with Luke Wilson. 

Don't‚Ä¶ https://t.co/wUuB93smr4",40,@CBS
0.0,Fri Aug 10 19:59:14 +0000 2018,0.0,1.0,0.0,"RT @TrueCrimeCBS: When Glenn Walp and Steve Doran uncovered theft at the Los Alamos National Laboratory, they HAD to blow their whistles. W‚Ä¶",41,@CBS
0.6696,Thu Aug 09 21:00:00 +0000 2018,0.0,0.745,0.255,Want to create your own @CBSBigBrother or @TKOCBS meme using one the photos here? It‚Äôs your lucky day! Head over to‚Ä¶ https://t.co/JHJWykNkQT,42,@CBS
0.7901,Thu Aug 09 18:47:00 +0000 2018,0.0,0.72,0.28,Time to celebrate! Your favorite Daytime shows will premiere with new seasons this fall. See all of the @CBSDaytime‚Ä¶ https://t.co/GNkK4Zf2kD,43,@CBS
0.6696,Wed Aug 08 16:05:11 +0000 2018,0.0,0.791,0.209,"Love is in the air, and the water! International smash hit #LoveIsland is coming to CBS. https://t.co/nepabuNoSU https://t.co/Cxgvkv463u",44,@CBS
0.0,Tue Aug 07 16:06:57 +0000 2018,0.0,1.0,0.0,The Executive Producers of @CBSBigBrother are teaming up with @KingJames and @MavCarter for an unprecedented televi‚Ä¶ https://t.co/V88bDeHmQs,45,@CBS
0.3612,Mon Aug 06 00:20:55 +0000 2018,0.0,0.889,0.111,"RT @cbsallaccess: Executive Producer of Tell Me A Story, @kevwilliamson, says ""What I like about the show, there‚Äôs nothing else on TV like‚Ä¶",46,@CBS
0.5411,Mon Aug 06 00:07:38 +0000 2018,0.098,0.683,0.219,RT @TheNeighborhood: Feel the love in this new teaser for #TheNeighborhood from the #CBS #TCA18! ü§ó https://t.co/rPmCozH5XP,47,@CBS
0.3818,Mon Aug 06 00:02:58 +0000 2018,0.0,0.894,0.106,RT @TheNeighborhood: Find out why Cedric the Entertainer and the cast think #TheNeighborhood is the kind of show that everyone can relate t‚Ä¶,48,@CBS
0.5093,Mon Aug 06 00:02:02 +0000 2018,0.0,0.845,0.155,That's all for our #CBS #TCA18 panels! Tune in this fall to watch all your favorite new shows. üôå https://t.co/hM85o9eRi8,49,@CBS
0.0,Sun Aug 05 23:58:41 +0000 2018,0.0,1.0,0.0,"RT @MagnumPICBS: ""If there was ever a time to bring back #MagnumPI, it's now."" - @PLenkov 
#CBS #TCA2018",50,@CBS
0.8316,Sun Aug 05 23:44:39 +0000 2018,0.0,0.694,0.306,"RT @MagnumPICBS: ""There are a lot of easter eggs from the original that fans from the original series will love, and they're peppered throu‚Ä¶",51,@CBS
0.0,Sun Aug 05 23:41:21 +0000 2018,0.0,1.0,0.0,"RT @MagnumPICBS: ""What we are trying to do is introduce the show to a new audience...it's going to open it up for anyone that's new and the‚Ä¶",52,@CBS
0.5994,Sun Aug 05 23:35:49 +0000 2018,0.0,0.843,0.157,"RT @MagnumPICBS: ""This has been my white whale since I was a kid. I always loved #MagnumPI. Putting words in Magnum's mouth is something I'‚Ä¶",53,@CBS
0.0,Sun Aug 05 23:35:46 +0000 2018,0.0,1.0,0.0,RT @MagnumPICBS: It's #MagnumPI time at the #CBS #TCA2018! Follow along as we live tweet the panel!,54,@CBS
0.5826,Sun Aug 05 23:16:25 +0000 2018,0.0,0.827,0.173,RT @happytogether: Thanks for following along! That concludes the #HappyTogether panel at the #CBS #TCA2018! @MagnumPICBS is up next!,55,@CBS
-0.5093,Sun Aug 05 23:12:39 +0000 2018,0.202,0.798,0.0,"RT @happytogether: Question: Even though you're not playing @Harry_Styles, did you do a Harry crash course?
@itsfelixwot: Absolutely not. C‚Ä¶",56,@CBS
0.0,Sun Aug 05 23:10:20 +0000 2018,0.0,1.0,0.0,"RT @happytogether: ""The show is about marriage, it's about getting a bit older, it's about youthfulness, it's about something happening and‚Ä¶",57,@CBS
0.6041,Sun Aug 05 23:05:58 +0000 2018,0.0,0.775,0.225,"RT @happytogether: ""It's always good to have a little bit of truth in whatever you're making.""- @wayansjr 

#HappyTogether #CBS #TCA2018",58,@CBS
0.3802,Sun Aug 05 23:01:25 +0000 2018,0.0,0.853,0.147,"RT @happytogether: ""I thought I was still young and cool until I met @itsfelixwot!"" -@AmberoniStevens #HappyTogether #CBS #TCA2018",59,@CBS
-0.2057,Sun Aug 05 22:58:41 +0000 2018,0.083,0.917,0.0,"RT @happytogether: ""We never wanted to create a show where people think ""Oh, did @Harry_Styles do that?"" -@benwinston on emphasizing that #‚Ä¶",60,@CBS
0.0,Sun Aug 05 22:58:36 +0000 2018,0.0,1.0,0.0,RT @happytogether: .@wayansjr is quick to point out that the characters in #HappyTogether are fictional. #CBS #TCA2018,61,@CBS
-0.0572,Sun Aug 05 22:53:12 +0000 2018,0.064,0.936,0.0,"RT @happytogether: ""@Harry_Styles became part of the family. We didn't want him to move out."" -@benwinston #CBS #HappyTogether #TCA18",62,@CBS
-0.3612,Sun Aug 05 22:52:24 +0000 2018,0.121,0.82,0.059,"RT @happytogether: ""It's about Cooper who wants nothing but normality and a boring life, and Jake and Claire, who want more excitement."" -@‚Ä¶",63,@CBS
0.4939,Sun Aug 05 22:49:06 +0000 2018,0.0,0.862,0.138,"RT @happytogether: ""It's loosely inspired (by the time @Harry_Styles lived with @benwinston), because if we put what actually happened on t‚Ä¶",64,@CBS
0.0,Sun Aug 05 22:46:49 +0000 2018,0.0,1.0,0.0,RT @happytogether: It's time for the #HappyTogether panel at the #CBS #TCA18! Follow along here!,65,@CBS
0.4926,Sun Aug 05 22:32:37 +0000 2018,0.0,0.825,0.175,RT @GodFriendedMe: Thanks for following along during the #GodFriendedMe panel at #CBS #TCA18‚Äî@HappyTogether is up next!,66,@CBS
0.2732,Sun Aug 05 22:32:30 +0000 2018,0.0,0.877,0.123,"RT @GodFriendedMe: ""You don't have to believe in God to believe in good."" üôå@JOEtheMORTON¬†#GodFriendedMe #CBS",67,@CBS
0.2716,Sun Aug 05 22:16:36 +0000 2018,0.0,0.905,0.095,RT @GodFriendedMe: ‚ÄúIt‚Äôs incredibly important to us that we‚Äôre not a show that‚Äôs preachy or judgmental. Whether you believe or don‚Äôt believ‚Ä¶,68,@CBS
-0.4973,Sun Aug 05 22:16:29 +0000 2018,0.133,0.867,0.0,"RT @GodFriendedMe: ""Our feet are on the ground. Our characters are not angels, they‚Äôre not heavenly, they‚Äôre just real people. The 'opposin‚Ä¶",69,@CBS
0.0,Sun Aug 05 22:16:19 +0000 2018,0.0,1.0,0.0,RT @GodFriendedMe: Follow along with us as we live-tweet the #GodFriendedMe panel at #CBS #TCA18 with stars @hall_m_brandon @violettbeane @‚Ä¶,70,@CBS
-0.4019,Sun Aug 05 22:05:44 +0000 2018,0.114,0.886,0.0,"RT @cbsallaccess: From the writer of Scream, The Vampire Diaries and The Following, comes a modern day twist on classic fairy tales. 

#Tel‚Ä¶",71,@CBS
-0.6908,Sun Aug 05 22:00:47 +0000 2018,0.207,0.793,0.0,"RT @cbsallaccess: Small town. Big murder. Follow the Money. 

#OneDollar premieres August 30, exclusively on CBS All Access. https://t.co/T‚Ä¶",72,@CBS
0.0,Sun Aug 05 21:48:41 +0000 2018,0.0,1.0,0.0,RT @cbsallaccess: That's a wrap on the #TellMeAStory panel! @GodFriendedMe is up next! #TCA18 #CBSAllAccess,73,@CBS
0.8555,Sun Aug 05 21:48:36 +0000 2018,0.0,0.714,0.286,"RT @cbsallaccess: ""What I love about New York City - besides being the best city in the world - it's textural, it's real, it has everything‚Ä¶",74,@CBS
0.5994,Sun Aug 05 21:48:29 +0000 2018,0.0,0.766,0.234,RT @cbsallaccess: Who's ready to see @KimCattrall play @daniellemcam's (AKA Little Red Riding Hood) grandmother? #TellMeAStory #TCA18 #CBSA‚Ä¶,75,@CBS
0.6124,Sun Aug 05 21:31:15 +0000 2018,0.0,0.792,0.208,"RT @cbsallaccess: ""What I like about this show is that there's nothing else on TV like it right now."" -@kevwilliamson #TellMeAStory #TCA18‚Ä¶",76,@CBS
-0.2748,Sun Aug 05 20:58:52 +0000 2018,0.153,0.742,0.105,"RT @MurphyBrownCBS: According to Candice Bergen and Diane English, there's never been a more perfect time to revive #MurphyBrown! https://t‚Ä¶",77,@CBS
0.0,Sun Aug 05 20:56:17 +0000 2018,0.0,1.0,0.0,"RT @MurphyBrownCBS: #MurphyBrown has always been a political show, and that won't change! Read on about how the show plans to cover hot top‚Ä¶",78,@CBS
-0.4588,Sun Aug 05 20:10:33 +0000 2018,0.125,0.875,0.0,"RT @FBICBS: ""People are going to get a very realistic view of how that office operates and the stresses. It's a zero-tolerance FBI office.‚Ä¶",79,@CBS
0.0,Sun Aug 05 19:43:38 +0000 2018,0.0,1.0,0.0,Stay tuned for more #CBS #TCA18 action! The @cbsallaccess panel is up next. üëçüèº https://t.co/fcjiEwpaN0,80,@CBS
0.0,Sun Aug 05 19:22:22 +0000 2018,0.0,1.0,0.0,"RT @FBICBS: #FBIFam, this should cure your #SundayScaries! Check out the #FBI preview that was shown at the #CBS #TCA18 before the panel. h‚Ä¶",81,@CBS
0.6249,Sun Aug 05 19:21:28 +0000 2018,0.0,0.796,0.204,"RT @TheNeighborhood: ""Once we shot the pilot, we knew that we had a great show."" -@CedEntertainer #TheNeighborhood #CBS",82,@CBS
0.1384,Sun Aug 05 19:16:45 +0000 2018,0.079,0.823,0.098,"RT @TheNeighborhood: ""It was so well done, as far as I was concerned, that it became a no brainer to do the show. I called the next morning‚Ä¶",83,@CBS
0.0,Sun Aug 05 19:15:53 +0000 2018,0.0,1.0,0.0,"RT @TheNeighborhood: ""This is a show about people. This is a show about families, neighbors, friendships... At its core, this is a show abo‚Ä¶",84,@CBS
0.4588,Sun Aug 05 18:54:24 +0000 2018,0.0,0.818,0.182,"RT @TheNeighborhood: We're here at the #CBS #TCA18 giving you the inside scoop on #TheNeighborhood with our stars @CedEntertainer, @Tichina‚Ä¶",85,@CBS
0.0,Sun Aug 05 18:01:09 +0000 2018,0.0,1.0,0.0,RT @MurphyBrownCBS: That's a wrap on the #MurphyBrown panel at #TCA18! @TheNeighborhood is up next! #CBS,86,@CBS
0.0,Sun Aug 05 17:55:07 +0000 2018,0.0,1.0,0.0,"RT @MurphyBrownCBS: Diane English reveals ""We have an enormously famous person in our first episode,"" but keeps the secret under wraps! üôä #‚Ä¶",87,@CBS
0.0,Sun Aug 05 17:51:13 +0000 2018,0.0,1.0,0.0,"RT @MurphyBrownCBS: Diane English talks about how to stay topically relevant while writing scripts ahead of time &amp; also said, ""We have an i‚Ä¶",88,@CBS
0.0,Sun Aug 05 17:47:01 +0000 2018,0.0,1.0,0.0,RT @MurphyBrownCBS: All the feels! ‚ù§Ô∏è #MurphyBrown returns to #CBS this fall! https://t.co/OvQk3CV49W,89,@CBS
-0.0018,Sun Aug 05 17:39:48 +0000 2018,0.074,0.853,0.073,"RT @MurphyBrownCBS: ""It's been very emotional for the old guys... We saw Murphy's townhouse and we all got tears in our eyes."" -Candice Ber‚Ä¶",90,@CBS
0.0,Sun Aug 05 17:28:37 +0000 2018,0.0,1.0,0.0,"Stay tuned, because @MurphyBrownCBS is up next at the #CBS #TCA18! https://t.co/0qdjQiFrwW",91,@CBS
-0.0602,Sun Aug 05 17:28:03 +0000 2018,0.219,0.599,0.182,"RT @FBICBS: ‚ÄúEven though I was scared to say yes, it was so clear you don‚Äôt say no. I knew I couldn‚Äôt say no. I couldn‚Äôt be more grateful,‚Ä¶",92,@CBS
0.1761,Sun Aug 05 17:27:46 +0000 2018,0.105,0.735,0.16,"RT @FBICBS: What's it like for @JeremySisto coming back to a Dick Wolf show?

""It's one of the most stable ships you can be on... It's exci‚Ä¶",93,@CBS
0.1027,Sun Aug 05 17:27:41 +0000 2018,0.11,0.767,0.123,"RT @FBICBS: ""We're celebrating the troops on the ground... There are endless stories in there."" - Dick Wolf on why he wanted to focus the s‚Ä¶",94,@CBS
0.0498,Sun Aug 05 17:27:31 +0000 2018,0.123,0.746,0.13,"RT @FBICBS: ‚ÄúIt‚Äôs really exciting to be here for the first time in a long, long, long, long time.‚Äù - Dick Wolf #CBS #TCA18",95,@CBS
0.6114,Sun Aug 05 14:47:12 +0000 2018,0.0,0.818,0.182,Celebrate #NationalSistersDay with an iconic group of sisters! Watch how these three became part of The Brady Bunch‚Ä¶ https://t.co/nBVjxl4AbP,96,@CBS
0.2263,Sat Aug 04 22:57:37 +0000 2018,0.0,0.917,0.083,RT @startrekcbs: Executive Producer Alex Kurtzman and @SirPatStew surprised fans today at #STLV with news that he will be returning to the‚Ä¶,97,@CBS
0.0,Sat Aug 04 00:24:55 +0000 2018,0.0,1.0,0.0,Watching a üíØ spin on @PriceIsRight never gets old‚Ä¶especially when it‚Äôs Mila Kunis! https://t.co/NPOukc3jPz,98,@CBS
0.6124,Fri Aug 03 22:34:08 +0000 2018,0.0,0.76,0.24,"RT @TrueCrimeCBS: The chances of successfully blowing the whistle are slim, but did a Wells Fargo personal banker beat the odds?

Find out‚Ä¶",99,@CBS
0.0,Tue Sep 18 01:12:41 +0000 2018,0.0,1.0,0.0,"Nearly one year after the start of the #MeToo movement, and just a week after the CEO of CBS stepped down, the 70th‚Ä¶ https://t.co/NB1bUFfHKC",0,@CNN
0.0,Tue Sep 18 00:53:38 +0000 2018,0.0,1.0,0.0,RT @AC360: ‚ÄúIt is only going to get more dangerous‚Ä¶ what we are seeing now is only the beginning.‚Äù @CNN‚Äôs @miguelmarquez describes the dire‚Ä¶,1,@CNN
0.8807,Tue Sep 18 00:52:55 +0000 2018,0.0,0.541,0.459,"Bill Hader just won outstanding lead actor in a comedy series for ""Barry"" https://t.co/OFTnvJUsEb #Emmys https://t.co/z8Msw2Vr5J",2,@CNN
0.9337,Tue Sep 18 00:47:26 +0000 2018,0.0,0.498,0.502,"Rachel Brosnahan wins ""Outstanding lead actress in a comedy series"" for her role in ""The Marvelous Mrs. Maisel""‚Ä¶ https://t.co/TtkiGcsDaN",3,@CNN
0.5574,Tue Sep 18 00:39:56 +0000 2018,0.0,0.841,0.159,RT @AC360: ‚ÄúYou can expect him to be precise and definitive.‚Äù Supreme Court reporter @Arianedevogue says Brett Kavanaugh‚Äôs prior experience‚Ä¶,4,@CNN
0.5719,Tue Sep 18 00:38:25 +0000 2018,0.0,0.761,0.239,"""Saturday Night Live"" cast members Kate McKinnon and Kenan Thompson joked about solving Hollywood's diversity probl‚Ä¶ https://t.co/Ie7awvKOi5",5,@CNN
0.5106,Tue Sep 18 00:28:11 +0000 2018,0.0,0.815,0.185,The #Emmys just got started and the show is already making a statement with an opener joking about solving the lack‚Ä¶ https://t.co/Pow9E7HoW8,6,@CNN
0.0,Tue Sep 18 00:18:40 +0000 2018,0.0,1.0,0.0,"RT @AC360: The White House says she ""should not be ignored."" 

But why has President Trump suddenly changed tactics when it comes to the Ka‚Ä¶",7,@CNN
0.128,Tue Sep 18 00:18:33 +0000 2018,0.0,0.936,0.064,"RT @OutFrontCNN: ""I have come out publicly opposed to Judge Kavanaugh's nomination to the court based on his legal reasoning, based on his‚Ä¶",8,@CNN
0.0,Tue Sep 18 00:14:17 +0000 2018,0.0,1.0,0.0,Here's a look at the nominees and categories to watch for tonight at the #Emmys https://t.co/lPIaaH7wdw https://t.co/UA3x2TjEzG,9,@CNN
0.25,Tue Sep 18 00:12:56 +0000 2018,0.0,0.846,0.154,There's a chance history could be made tonight at the #Emmys https://t.co/WXc11lK5af https://t.co/EYGpFhjtd7,10,@CNN
0.0,Mon Sep 17 23:58:23 +0000 2018,0.0,1.0,0.0,"#Emmys night has arrived. Here's what to watch for: https://t.co/HSRGO7LXFS

Follow live updates:‚Ä¶ https://t.co/alCdkl0oMo",11,@CNN
0.0,Mon Sep 17 23:41:41 +0000 2018,0.0,1.0,0.0,"From Jeff Bezos to Warren Buffett, these billionaires are snapping up newspapers despite the fact that the industry‚Ä¶ https://t.co/z3BnEJJgQw",12,@CNN
0.0,Mon Sep 17 23:31:00 +0000 2018,0.0,1.0,0.0,"Ever wondered what all those switches, dials and levers do in the cockpit of an airplane? We did too, so we asked a‚Ä¶ https://t.co/pKLQeblxWl",13,@CNN
0.4939,Mon Sep 17 23:28:48 +0000 2018,0.0,0.868,0.132,"RT @OutFrontCNN: Sen. Coons says Kavanaugh's friend Mark Judge should testify before the Judiciary Committee. ""Not having in front of us th‚Ä¶",14,@CNN
0.0,Mon Sep 17 23:26:07 +0000 2018,0.0,1.0,0.0,"In mid-August, just after sunset, the skies over Amsterdam were lit by a swarm of 300 glowing drones moving through‚Ä¶ https://t.co/Q6tONY3bVf",15,@CNN
0.8591,Mon Sep 17 23:19:35 +0000 2018,0.0,0.655,0.345,"RT @CNNSitRoom: Former independent counsel Ken Starr says he has ""complete confidence"" in the integrity of his former staffer, Supreme Cour‚Ä¶",16,@CNN
0.0,Mon Sep 17 23:11:05 +0000 2018,0.0,1.0,0.0,Scientists are monitoring the health of a group of critically endangered orcas in the Pacific Ocean following news‚Ä¶ https://t.co/FpqqjoHN9g,17,@CNN
-0.5106,Mon Sep 17 22:59:00 +0000 2018,0.245,0.643,0.112,"President Trump is sharply escalating the American trade war with China.

The United States will impose a 10% tarif‚Ä¶ https://t.co/HeM9PdzfRL",18,@CNN
-0.0772,Mon Sep 17 22:57:12 +0000 2018,0.1,0.814,0.086,"The US will impose new tariffs on $200 billion worth of Chinese goods. Combined with existing tariffs, roughly half‚Ä¶ https://t.co/t5KS4Zkqy5",19,@CNN
0.0,Mon Sep 17 22:53:04 +0000 2018,0.0,1.0,0.0,Michael Bloomberg says he might run as a Democrat. But why? | Analysis by CNN‚Äôs Gregory Krieg‚Ä¶ https://t.co/GilF7FOtMg,20,@CNN
0.7351,Mon Sep 17 22:47:57 +0000 2018,0.0,0.762,0.238,"RT @CNNSitRoom: ""I hope that she gets a fair hearing and that we give her a chance to really talk about and tell her story."" - Sen. Tammy D‚Ä¶",21,@CNN
-0.1779,Mon Sep 17 22:46:38 +0000 2018,0.086,0.914,0.0,Actor Tom Arnold has filed a police report against Mark Burnett for battery. He's accusing the reality producer and‚Ä¶ https://t.co/zLEm3VopRR,22,@CNN
0.0,Mon Sep 17 22:28:02 +0000 2018,0.0,1.0,0.0,RT @CNNSitRoom: President Donald Trump is ordering the declassification of various documents and text messages related to the Russia invest‚Ä¶,23,@CNN
-0.5423,Mon Sep 17 22:25:46 +0000 2018,0.149,0.851,0.0,Shark expert George Burgess will be on Full Circle to discuss what experts believe was the first fatal shark attack‚Ä¶ https://t.co/kB9adGIaTD,24,@CNN
-0.6705,Mon Sep 17 22:23:30 +0000 2018,0.244,0.756,0.0,"Brett Kavanaugh and the woman accusing him of physical and sexual assault, Christine Blasey Ford, will testify, a s‚Ä¶ https://t.co/luOJCTVDlb",25,@CNN
0.4939,Mon Sep 17 22:21:05 +0000 2018,0.0,0.842,0.158,"Democrats hold the upper hand in the Arizona and Tennessee Senate races, new CNN polls find https://t.co/FW8CdBJBOR https://t.co/Zz9dW1I9kA",26,@CNN
0.5574,Mon Sep 17 22:19:55 +0000 2018,0.0,0.816,0.184,The Senate Judiciary Committee will hold a public hearing next Monday on allegations against Supreme Court nominee‚Ä¶ https://t.co/dnOTaqAqBe,27,@CNN
0.3182,Mon Sep 17 22:17:57 +0000 2018,0.054,0.829,0.117,RT @CNNSitRoom: Former national security adviser Michael Flynn is set to be sentenced after the midterm elections https://t.co/Fj2K8zxfdO h‚Ä¶,28,@CNN
0.0,Mon Sep 17 22:16:13 +0000 2018,0.0,1.0,0.0,President Trump to declassify documents relating to the Russia investigation and Carter Page FISA warrant‚Ä¶ https://t.co/4LD2yxXC96,29,@CNN
0.0,Mon Sep 17 22:11:05 +0000 2018,0.0,1.0,0.0,"For the first time in history, a woman will serve as chief flight director of America's space agency.

Holly Riding‚Ä¶ https://t.co/n06SwVzh3N",30,@CNN
0.3612,Mon Sep 17 22:01:08 +0000 2018,0.085,0.704,0.211,"Russia and Turkey have agreed to create a demilitarized zone in Syria's Idlib province, potentially thwarting a lar‚Ä¶ https://t.co/Eqrvup7nkw",31,@CNN
0.2716,Mon Sep 17 21:51:06 +0000 2018,0.0,0.87,0.13,Here's the single most important Senate race in the country | Analysis by @CillizzaCNN https://t.co/NVV9d4jceI https://t.co/BYs3xN9wH3,32,@CNN
-0.5106,Mon Sep 17 21:46:45 +0000 2018,0.182,0.733,0.085,"RT @CNNSitRoom: ""The good news for this area is that Florence has moved on. The bad news is that before she left, she dumped an extra six i‚Ä¶",33,@CNN
0.3182,Mon Sep 17 21:42:04 +0000 2018,0.063,0.8,0.137,Former national security adviser Michael Flynn is set to be sentenced after the midterm elections‚Ä¶ https://t.co/3xtYPp3D9N,34,@CNN
-0.0772,Mon Sep 17 21:41:42 +0000 2018,0.167,0.677,0.155,RT @TheLeadCNN: CNN commentator @SymoneDSanders on Kavanaugh accusation: ‚ÄúI want to be clear. For me there is no debate. I believe Professo‚Ä¶,35,@CNN
-0.5809,Mon Sep 17 21:41:07 +0000 2018,0.229,0.771,0.0,The US Air Force says it needs more firepower to confront rising threats from China and Russia‚Ä¶ https://t.co/6OUMAoK5sR,36,@CNN
-0.25,Mon Sep 17 21:40:37 +0000 2018,0.083,0.917,0.0,"RT @TheLeadCNN: CNN commentator @angela_rye on Kavanaugh accusation: ‚ÄúHe has some really big red flags to me. This is just the latest one,‚Ä¶",37,@CNN
0.0,Mon Sep 17 21:40:28 +0000 2018,0.0,1.0,0.0,"An investigation targeting Brock Long, the administrator of FEMA, has been referred to federal prosecutors to deter‚Ä¶ https://t.co/cl9OfaoWw2",38,@CNN
0.4878,Mon Sep 17 21:38:31 +0000 2018,0.15,0.632,0.218,"RT @CNNSitRoom: ""This will probably shock the White House, but I agree with President Trump, when he said a delay is not going to hurt anyt‚Ä¶",39,@CNN
-0.1979,Mon Sep 17 21:31:06 +0000 2018,0.236,0.621,0.144,Anita Hill's accusations did not hurt public support for Clarence Thomas in 1991 https://t.co/d8OAjcRU5I https://t.co/FSZquDPoQY,40,@CNN
0.0,Mon Sep 17 21:19:37 +0000 2018,0.0,1.0,0.0,"Florence has come and gone through the Carolinas, but its heavy rains and storm surge have caused flooding in some‚Ä¶ https://t.co/s26dN5Gp1I",41,@CNN
-0.3182,Mon Sep 17 21:11:07 +0000 2018,0.161,0.839,0.0,Here's a timeline of how the accusations against Brett Kavanaugh have unfolded https://t.co/Gi9YC8DHwp https://t.co/7qPFnsuuio,42,@CNN
-0.7003,Mon Sep 17 21:08:36 +0000 2018,0.266,0.734,0.0,"Typhoon Mangkhut, known locally as Typhoon Ompong, has cut a swath of destruction across Guam, the Marshall Islands‚Ä¶ https://t.co/UKU3C4AEOu",43,@CNN
0.2732,Mon Sep 17 21:01:07 +0000 2018,0.0,0.877,0.123,"Saudi Arabia has agreed to invest more than $1 billion in Lucid, a potential Tesla competitor‚Ä¶ https://t.co/0C1v7GTrCf",44,@CNN
0.6908,Mon Sep 17 20:51:02 +0000 2018,0.0,0.688,0.312,"A day after Time was sold, there was applause for the magazine's top editor -- and growing anticipation at the othe‚Ä¶ https://t.co/Mw3PIg44YR",45,@CNN
0.0,Mon Sep 17 20:41:49 +0000 2018,0.0,1.0,0.0,Indicted Republican Rep. Chris Collins will remain on the ballot in November despite suspending his re-election bid‚Ä¶ https://t.co/NVSXTGnRIN,46,@CNN
0.0,Mon Sep 17 20:39:06 +0000 2018,0.0,1.0,0.0,"Establishing President Trump's sought-after Space Force could cost nearly $13 billion over its first five years, ac‚Ä¶ https://t.co/jx6WqrIt4V",47,@CNN
0.1779,Mon Sep 17 20:19:07 +0000 2018,0.0,0.876,0.124,Coca-Cola is considering a move into the growing market for cannabis-infused drinks https://t.co/rFAhZ5QbJV https://t.co/MpUonReFot,48,@CNN
0.5106,Mon Sep 17 20:16:55 +0000 2018,0.0,0.852,0.148,Jos√© Andr√©s and his nonprofit World Central Kitchen team served 3.6 million free meals in Puerto Rico after Hurrica‚Ä¶ https://t.co/qgwBf7wV26,49,@CNN
0.4939,Mon Sep 17 19:58:14 +0000 2018,0.0,0.862,0.138,"Trump praised Brett Kavanaugh as ""one of the finest people I have ever known"" in his 1st public comments since the‚Ä¶ https://t.co/rwcjYCYBVo",50,@CNN
0.0,Mon Sep 17 19:41:03 +0000 2018,0.0,1.0,0.0,Corporate America is spending more on buybacks than anything else https://t.co/3OcWdxvDAF https://t.co/hUNp9YXEQN,51,@CNN
0.5574,Mon Sep 17 19:37:21 +0000 2018,0.0,0.769,0.231,These senators could make or break Brett Kavanaugh's Supreme Court nomination https://t.co/c4LqVdNngO https://t.co/NtgTnRUyav,52,@CNN
-0.4767,Mon Sep 17 19:21:31 +0000 2018,0.204,0.796,0.0,"Vernon Unsworth, a caver accused by Elon Musk of being a pedophile, has filed a defamation lawsuit against the Tesl‚Ä¶ https://t.co/aL50R2tgH4",53,@CNN
0.6486,Mon Sep 17 19:10:34 +0000 2018,0.086,0.623,0.292,"US Ambassador to the United Nations Nikki Haley accused Russia of ""cheating"" and acting like a ""virus"" by helping N‚Ä¶ https://t.co/lbssWyG8de",54,@CNN
-0.8957,Mon Sep 17 19:05:12 +0000 2018,0.435,0.565,0.0,"A female aid worker abducted in Nigeria's troubled northeast region has been killed, the International Committee of‚Ä¶ https://t.co/IXKrPun1wA",55,@CNN
-0.7717,Mon Sep 17 19:03:19 +0000 2018,0.295,0.705,0.0,"If not for a would-be victim's quick thinking, a supervisory Border Patrol agent accused in a string of killings in‚Ä¶ https://t.co/48TjOcsGuv",56,@CNN
0.4019,Mon Sep 17 18:43:45 +0000 2018,0.0,0.891,0.109,The plan could boost the stock price from about 2 cents to as much as $10 ‚Äî enough to possibly keep the stock tradi‚Ä¶ https://t.co/p5KzLoEoJH,57,@CNN
0.3182,Mon Sep 17 18:39:10 +0000 2018,0.0,0.881,0.119,Executives at MoviePass' parent company are asking shareholders to vote on a plan that could increase the company's‚Ä¶ https://t.co/dp4Di4vOYn,58,@CNN
0.0,Mon Sep 17 18:30:07 +0000 2018,0.0,1.0,0.0,There have been more than 500 reports of price gouging in North Carolina after Florence https://t.co/OZvVeq3jpX https://t.co/SHSacdL2up,59,@CNN
-0.4019,Mon Sep 17 18:20:07 +0000 2018,0.153,0.847,0.0,"More than 9,000 US children are injured by infant walkers every year, study finds https://t.co/JpFeYhDv3u https://t.co/nLS4HgDSHD",60,@CNN
0.0,Mon Sep 17 18:10:04 +0000 2018,0.0,1.0,0.0,The Australian government has ordered a federal investigation into the contamination of strawberries with needles a‚Ä¶ https://t.co/6ZiZW5q7qw,61,@CNN
0.0,Mon Sep 17 18:00:18 +0000 2018,0.0,1.0,0.0,"Nearly 1 in 11 middle and high school students in the US has used cannabis in an e-cigarette, according to a new re‚Ä¶ https://t.co/sON8jMXxpz",62,@CNN
-0.3612,Mon Sep 17 17:50:07 +0000 2018,0.143,0.857,0.0,Multi-surface cleaners and other commonly used household disinfectants could be making children overweight by alter‚Ä¶ https://t.co/zszB2MuLDH,63,@CNN
-0.0258,Mon Sep 17 17:40:06 +0000 2018,0.102,0.8,0.098,They watched their homes get ripped apart and the government struggle to restore water and power. A year after Hurr‚Ä¶ https://t.co/gJTbjSjkmK,64,@CNN
0.0,Mon Sep 17 17:30:09 +0000 2018,0.0,1.0,0.0,"Jaguar Land Rover has put 1,000 workers at one of its UK plants on a three-day work week because of plummeting dies‚Ä¶ https://t.co/1xLTHeewzt",65,@CNN
-0.4019,Mon Sep 17 17:20:06 +0000 2018,0.153,0.847,0.0,"More than 9,000 US children are injured by infant walkers every year, study finds https://t.co/kLbQTHxmlw https://t.co/x3CdR7ZjLp",66,@CNN
0.0,Mon Sep 17 17:10:06 +0000 2018,0.0,1.0,0.0,There have been more than 500 reports of price gouging in North Carolina after Florence https://t.co/ch176tp29f https://t.co/rxeDVzEjLU,67,@CNN
-0.3612,Mon Sep 17 17:00:17 +0000 2018,0.143,0.857,0.0,Multi-surface cleaners and other commonly used household disinfectants could be making children overweight by alter‚Ä¶ https://t.co/Qo4aCdi1YN,68,@CNN
0.0,Mon Sep 17 16:50:10 +0000 2018,0.0,1.0,0.0,Scientists believe they have discovered the first examples of air pollution traveling through the bloodstream of pr‚Ä¶ https://t.co/jAVHD7SRjX,69,@CNN
-0.8126,Mon Sep 17 16:40:05 +0000 2018,0.316,0.684,0.0,A supervisory US Border Patrol agent who authorities are calling a serial killer was arrested Saturday in the death‚Ä¶ https://t.co/1zOv4DID57,70,@CNN
-0.1779,Mon Sep 17 16:30:01 +0000 2018,0.119,0.796,0.085,Amazon is investigating allegations that some of its employees have offered to leak confidential information and de‚Ä¶ https://t.co/rQ2XAIahvJ,71,@CNN
0.016,Mon Sep 17 16:20:07 +0000 2018,0.203,0.591,0.206,"The woman accusing Supreme Court nominee Brett Kavanaugh of physical and sexual assault ""should not be ignored or i‚Ä¶ https://t.co/ILYRBRdACI",72,@CNN
0.0,Mon Sep 17 16:10:03 +0000 2018,0.0,1.0,0.0,"If you don't have enough cash to buy a new iPhone with X in its name, you can freshen up your existing device with‚Ä¶ https://t.co/ubHhhdjO1w",73,@CNN
0.0,Mon Sep 17 16:00:14 +0000 2018,0.0,1.0,0.0,"""To me, I figured this is the right thing to do"": A teenager found a purse with $10,000 inside and returned it‚Ä¶ https://t.co/JUcdQpiS5x",74,@CNN
0.1779,Mon Sep 17 15:50:13 +0000 2018,0.0,0.876,0.124,Coca-Cola is considering a move into the growing market for cannabis-infused drinks https://t.co/1LMc58XgDt https://t.co/WYpjZQRSo4,75,@CNN
0.0,Mon Sep 17 15:40:04 +0000 2018,0.0,1.0,0.0,"Nearly 1 in 11 middle and high school students in the US has used cannabis in an e-cigarette, according to a new re‚Ä¶ https://t.co/CGQEAowTaG",76,@CNN
0.128,Mon Sep 17 15:30:00 +0000 2018,0.0,0.923,0.077,From roommates to co-CEOs ‚Äì how @cbzakin and @DMWeisberg launched @theskimm on the couch of their NYC apartment and‚Ä¶ https://t.co/y7RgxjAjZV,77,@CNN
0.128,Mon Sep 17 15:20:10 +0000 2018,0.0,0.93,0.07,Judge Brett Kavanaugh is at the White House meeting with the White House legal team to prepare for potential interv‚Ä¶ https://t.co/2yXmdBoMjP,78,@CNN
0.3111,Mon Sep 17 15:10:06 +0000 2018,0.097,0.752,0.15,"Supreme Court nominee Brett Kavanaugh is not opposed to sharing his point of view, answering more questions or prov‚Ä¶ https://t.co/bDUtNboIsW",79,@CNN
0.0258,Mon Sep 17 15:00:02 +0000 2018,0.098,0.8,0.102,President Trump is planning to impose a fresh round of tariffs targeting about $200 billion in Chinese goods as ear‚Ä¶ https://t.co/jxdOoymP5B,80,@CNN
0.0,Mon Sep 17 14:55:00 +0000 2018,0.0,1.0,0.0,"In 2019, the last of Volkswagen's famous ""Beetles"" will be rolled off the production line, 80 years after they firs‚Ä¶ https://t.co/yGm6UrSMI4",81,@CNN
0.6908,Mon Sep 17 14:50:00 +0000 2018,0.0,0.769,0.231,"In her first solo project as a member of the royal family, Meghan, Duchess of Sussex, is supporting a new charity c‚Ä¶ https://t.co/hj6RGd5KKv",82,@CNN
0.0,Mon Sep 17 14:40:00 +0000 2018,0.0,1.0,0.0,"In mid-August, just after sunset, the skies over Amsterdam were lit by a swarm of 300 glowing drones moving through‚Ä¶ https://t.co/NW6gNEq4UH",83,@CNN
0.5574,Mon Sep 17 14:33:06 +0000 2018,0.0,0.825,0.175,Supreme Court nominee Brett Kavanaugh has released a new statement on the allegation of physical and sexual assault‚Ä¶ https://t.co/OMP7zQm7a8,84,@CNN
-0.5994,Mon Sep 17 14:30:00 +0000 2018,0.328,0.672,0.0,20 things to eat before you die: https://t.co/Pj421cgKsJ https://t.co/lNO5JdERBK,85,@CNN
0.0,Mon Sep 17 14:20:00 +0000 2018,0.0,1.0,0.0,"Ever wondered what all those switches, dials and levers do in the cockpit of an airplane? We did too, so we asked a‚Ä¶ https://t.co/bYg8OPJwUV",86,@CNN
0.0,Mon Sep 17 14:10:00 +0000 2018,0.0,1.0,0.0,CNN Meteorologist @VanDamCNN tracked Hurricane Florence from start to finish. Here's how the storm unfolded from hi‚Ä¶ https://t.co/DVxStFNq9e,87,@CNN
0.0,Mon Sep 17 14:00:06 +0000 2018,0.0,1.0,0.0,"In a rare bipartisan move, the Senate is expected to vote today on legislation aimed at combating the opioid epidem‚Ä¶ https://t.co/qluY14WoRD",88,@CNN
0.0,Mon Sep 17 13:50:29 +0000 2018,0.0,1.0,0.0,"This drone video shows a flooded downtown Fayetteville, North Carolina, after Florence dropped more than 16 inches‚Ä¶ https://t.co/QuX7N22kal",89,@CNN
0.0,Mon Sep 17 13:40:42 +0000 2018,0.0,1.0,0.0,The Australian government has ordered a federal investigation into the contamination of strawberries with needles a‚Ä¶ https://t.co/S54ufkEkvZ,90,@CNN
-0.4019,Mon Sep 17 13:24:15 +0000 2018,0.153,0.847,0.0,"More than 9,000 US children are injured by infant walkers every year, study finds https://t.co/uuT1HK2QQ8 https://t.co/gD14nU5IW6",91,@CNN
0.1531,Mon Sep 17 13:17:14 +0000 2018,0.085,0.806,0.109,"RT @drsanjaygupta: Do you take a low-dose aspirin every day? A large new study finds, for many healthy older adults, the risks outweigh the‚Ä¶",92,@CNN
0.0,Mon Sep 17 13:02:17 +0000 2018,0.0,1.0,0.0,There have been more than 500 reports of price gouging in North Carolina after Florence https://t.co/mT4hJ3cB69 https://t.co/mwgTnq6Mq8,93,@CNN
-0.3612,Mon Sep 17 13:01:40 +0000 2018,0.143,0.857,0.0,Multi-surface cleaners and other commonly used household disinfectants could be making children overweight by alter‚Ä¶ https://t.co/RG1gdyUAD6,94,@CNN
0.0,Mon Sep 17 12:33:12 +0000 2018,0.0,1.0,0.0,Scientists believe they have discovered the first examples of air pollution traveling through the bloodstream of pr‚Ä¶ https://t.co/tbSn8NbmNB,95,@CNN
-0.8126,Mon Sep 17 12:22:51 +0000 2018,0.316,0.684,0.0,A supervisory US Border Patrol agent who authorities are calling a serial killer was arrested Saturday in the death‚Ä¶ https://t.co/l4gOpLdal1,96,@CNN
-0.3182,Mon Sep 17 12:08:10 +0000 2018,0.103,0.897,0.0,This North Carolina family just lost their home to hurricane flooding for the second time in less than 20 years‚Ä¶ https://t.co/xLZRWW6GUW,97,@CNN
0.4404,Mon Sep 17 11:47:44 +0000 2018,0.073,0.773,0.155,JUST IN: The lawyer for a woman accusing Supreme Court nominee Brett Kavanaugh says her client is willing to testif‚Ä¶ https://t.co/N70ZCkuCAk,98,@CNN
-0.0258,Mon Sep 17 11:30:09 +0000 2018,0.102,0.8,0.098,They watched their homes get ripped apart and the government struggle to restore water and power. A year after Hurr‚Ä¶ https://t.co/3WLfzNkzLP,99,@CNN
0.0,Tue Sep 18 01:17:00 +0000 2018,0.0,1.0,0.0,The alleged gang member who police called Baltimore‚Äôs ‚ÄúNo. 1 trigger puller‚Äù will go on trial as part of a federal‚Ä¶ https://t.co/IFH6pOHxqB,0,@FoxNews
0.4588,Tue Sep 18 01:10:34 +0000 2018,0.0,0.8,0.2,"Emmy Awards open with political monologue, shine a light on diversity and #MeToo https://t.co/og4dopRcST",1,@FoxNews
0.1935,Tue Sep 18 00:55:00 +0000 2018,0.104,0.751,0.145,"Senate approves bipartisan opioid legislation, cracking down on shipments Trump called 'almost a form of warfare' https://t.co/aZ2vhF1GGq",2,@FoxNews
0.7184,Tue Sep 18 00:49:31 +0000 2018,0.0,0.739,0.261,"Emmys host Michael Che says the only white people who thank Jesus at award shows are Republicans, 'ex-crackheads' https://t.co/bOpxIMWOnH",3,@FoxNews
0.0,Tue Sep 18 00:39:00 +0000 2018,0.0,1.0,0.0,.@GordonGChang: @POTUS' latest China tariffs are the right thing to do. (via @FoxNewsOpinion) https://t.co/NsoXaJci3e,4,@FoxNews
-0.5423,Tue Sep 18 00:32:00 +0000 2018,0.212,0.788,0.0,'Inside Edition' crew gets robbed while reporting on San Francisco Bay Area crime. https://t.co/dpQM8LfLpc,5,@FoxNews
0.0,Tue Sep 18 00:24:53 +0000 2018,0.0,1.0,0.0,".@LelandVittert and his crew were riding along with a first responder in flood-ravaged Chinquapin, North Carolina,‚Ä¶ https://t.co/vVBninbXPQ",6,@FoxNews
-0.4019,Tue Sep 18 00:18:00 +0000 2018,0.184,0.816,0.0,"Washington Post report on passport crackdown had glaring factual problems, HuffPost finds. https://t.co/h2VSQO5zHC",7,@FoxNews
-0.802,Tue Sep 18 00:11:00 +0000 2018,0.357,0.551,0.092,"Cape Cod shark attack survivor Dr. William Lytton on separate, fatal shark attack along Massachusetts coast: ‚ÄúI had‚Ä¶ https://t.co/AiSMTegSfZ",8,@FoxNews
-0.4215,Tue Sep 18 00:05:00 +0000 2018,0.141,0.859,0.0,"FLORENCE AFTERMATH: Fox News drone footage captured the devastation in North Carolina, from homes underwater to roa‚Ä¶ https://t.co/ukT6qISgwZ",9,@FoxNews
0.0,Mon Sep 17 23:56:05 +0000 2018,0.0,1.0,0.0,Horseback ride through New York City raises awareness for veteran suicides https://t.co/TP9LkDA2Bh,10,@FoxNews
0.0772,Mon Sep 17 23:43:10 +0000 2018,0.074,0.837,0.089,".@KarenPierceUN: ‚ÄúI think it‚Äôs important to be tough on Russia, because we need full implementation of the sanction‚Ä¶ https://t.co/LHmCAaekEh",11,@FoxNews
-0.0772,Mon Sep 17 23:36:28 +0000 2018,0.058,0.942,0.0,.@KarenPierceUN: ‚ÄúI think it was right to show the North Korean regime that they need to be serious on their part.‚Ä¶ https://t.co/TPe7weA8t3,12,@FoxNews
0.0,Mon Sep 17 23:35:00 +0000 2018,0.0,1.0,0.0,.@USNavy to flight test first-of-its-kind carrier-launched drone in 2021 https://t.co/sqPgRdH0Iq,13,@FoxNews
-0.1027,Mon Sep 17 23:27:11 +0000 2018,0.135,0.865,0.0,.@POTUS imposes tariffs on $200B more of Chinese goods https://t.co/oM3YTviv4u,14,@FoxNews
0.0,Mon Sep 17 23:13:07 +0000 2018,0.0,1.0,0.0,".@mercedesschlapp: ‚ÄúJudge Kavanaugh is someone with impeccable credentials, someone who I know personally.‚Äù‚Ä¶ https://t.co/cPn0I0zoNa",15,@FoxNews
0.4588,Mon Sep 17 23:06:02 +0000 2018,0.0,0.769,0.231,'Black-ish' actress Jenifer Lewis dons Nike sweatshirt at Emmy Awards https://t.co/sYTa8yR1rl,16,@FoxNews
-0.7717,Mon Sep 17 23:01:54 +0000 2018,0.242,0.758,0.0,RT @LelandVittert: Dogs left for dead during #Florence swam thru flood waters to a porch‚Äîwe heard barking while out with local fire dept. @‚Ä¶,17,@FoxNews
-0.7003,Mon Sep 17 22:54:39 +0000 2018,0.266,0.734,0.0,New Jersey passenger who threatened to put flight attendant 'in a body bag' pleads guilty to disrupting flight. https://t.co/Pd4fL7n8cB,18,@FoxNews
-0.3182,Mon Sep 17 22:52:13 +0000 2018,0.249,0.61,0.141,TripAdvisor forced to suspend reviews for plastic 'Bude tunnel' after it becomes highest rated attraction. https://t.co/4C7dW4o9Ed,19,@FoxNews
-0.2263,Mon Sep 17 22:41:19 +0000 2018,0.119,0.881,0.0,"BREAKING: Senate panel invites Kavanaugh, accuser to public hearing; Thursday vote delayed, sources say. https://t.co/aan2O2eCXp",20,@FoxNews
0.0,Mon Sep 17 22:37:40 +0000 2018,0.0,1.0,0.0,McConnell: Why Did Dems Not Raise Kavanaugh Accuser Concerns During 65 Prior Meetings?https://t.co/ZKdgS1veNd,21,@FoxNews
-0.6486,Mon Sep 17 22:25:00 +0000 2018,0.301,0.699,0.0,"Florence spawns reported tornadoes in Virginia, leaves at least 1 dead. https://t.co/JCtQ2fCDJM",22,@FoxNews
0.0,Mon Sep 17 22:19:10 +0000 2018,0.0,1.0,0.0,President Trump is ordering the declassification of FISA documents sought after by congressional committees. Cather‚Ä¶ https://t.co/kc4VgosUI3,23,@FoxNews
-0.1027,Mon Sep 17 22:12:00 +0000 2018,0.242,0.547,0.211,.@BretBaier: Kavanaugh Allegation 'Politically Dangerous' for Both Parties. https://t.co/9LrFNsY48P,24,@FoxNews
-0.5859,Mon Sep 17 22:08:14 +0000 2018,0.241,0.759,0.0,Judge Brett Kavanaugh responds to sexual assault allegations against him. #SpecialReport https://t.co/HMsZ754hii https://t.co/6JNIbo8H5P,25,@FoxNews
-0.7717,Mon Sep 17 21:55:00 +0000 2018,0.489,0.511,0.0,Ice cream truck fatally strikes 2-year-old Missouri girl https://t.co/DJtUZwPoxD,26,@FoxNews
-0.6705,Mon Sep 17 21:50:00 +0000 2018,0.273,0.727,0.0,Roseanne Barr says her 'Conners' character gets killed off by opioid overdose https://t.co/MEnCIxi3eo,27,@FoxNews
0.0,Mon Sep 17 21:46:52 +0000 2018,0.0,1.0,0.0,"BREAKING: Trump orders feds to declassify key FISA documents, text messages in FBI Russia probe. https://t.co/x3XDEsfkMg",28,@FoxNews
-0.0258,Mon Sep 17 21:42:00 +0000 2018,0.109,0.891,0.0,Ex-Trump aide Michael Flynn could be sentenced in November https://t.co/olcmBh3Ry7,29,@FoxNews
0.0,Mon Sep 17 21:37:00 +0000 2018,0.0,1.0,0.0,"Steve Harrigan has an update on Florence-related flooding in Keith Hill, North Carolina. https://t.co/pdBum9Z9Wv https://t.co/EVLnXq7WsB",30,@FoxNews
0.0,Mon Sep 17 21:32:00 +0000 2018,0.0,1.0,0.0,"Road reopens to previously closed-off Wilmington, North Carolina. @RickLeventhal has an update.‚Ä¶ https://t.co/nf9HAPlPgZ",31,@FoxNews
0.0,Mon Sep 17 21:27:55 +0000 2018,0.0,1.0,0.0,"West Virginia man allegedly huffed paint, beat mom with spatula https://t.co/EfCMtCev2W",32,@FoxNews
0.5719,Mon Sep 17 21:22:28 +0000 2018,0.0,0.575,0.425,.@POTUS celebrates Hispanic Heritage Month.  https://t.co/6ZReYOoAl1,33,@FoxNews
-0.4767,Mon Sep 17 21:18:00 +0000 2018,0.205,0.795,0.0,Cat blamed for knocking out power to thousands of New Orleans residents https://t.co/39hj3SDlDj,34,@FoxNews
-0.2516,Mon Sep 17 21:14:22 +0000 2018,0.125,0.875,0.0,".@realDonaldTrump on Kavanaugh nomination process: ‚ÄúIf it takes a little delay, it‚Äôll take a little delay.‚Äù‚Ä¶ https://t.co/8aUfBi9n2j",35,@FoxNews
-0.5267,Mon Sep 17 21:07:00 +0000 2018,0.286,0.714,0.0,"Health officials: Hurricane Florence could leave deadly diseases, illnesses in its wake https://t.co/nLQgGMcchA",36,@FoxNews
0.0,Mon Sep 17 21:06:26 +0000 2018,0.0,1.0,0.0,Secretary of State Mike Pompeo makes remarks. https://t.co/nj28Gd3pW3,37,@FoxNews
-0.1461,Mon Sep 17 20:57:44 +0000 2018,0.166,0.733,0.102,"Historian @DorisKGoodwin: ‚ÄúIf you feel like you‚Äôre an American, why can you not share credit with the people who ca‚Ä¶ https://t.co/Rx3OFWJTMy",38,@FoxNews
-0.3612,Mon Sep 17 20:51:27 +0000 2018,0.251,0.606,0.143,Children buy back beloved Ford Mustang dad sold to pay mom's cancer bills 17 years ago https://t.co/TN1ioYwIZY,39,@FoxNews
-0.9042,Mon Sep 17 20:37:58 +0000 2018,0.505,0.495,0.0,'Momo' horror: Teen self-harms after family is threatened through social media 'suicide game' https://t.co/4DKpoHtw6J,40,@FoxNews
-0.6124,Mon Sep 17 20:30:43 +0000 2018,0.2,0.8,0.0,RT @FoxBusiness: AT THE CLOSE: U.S. stocks were lower Monday on tariff fears as @POTUS plans to make a trade announcement regarding China.‚Ä¶,41,@FoxNews
-0.3818,Mon Sep 17 20:28:46 +0000 2018,0.157,0.843,0.0,".@SenatorCollins: ""Obviously if Judge Kavanaugh has lied about what happened, that would be disqualifying.""‚Ä¶ https://t.co/UxMqj039NS",42,@FoxNews
-0.1779,Mon Sep 17 20:27:00 +0000 2018,0.129,0.773,0.099,".@SenatorCollins: ""There are an awful lot of questions, inconsistencies, gaps, and that's why to be fair to both, w‚Ä¶ https://t.co/z3fKDidivZ",43,@FoxNews
-0.25,Mon Sep 17 20:22:55 +0000 2018,0.124,0.806,0.07,".@SenatorCollins on Kavanaugh sexual misconduct accusations: ""I want to have both individuals come before the Senat‚Ä¶ https://t.co/5OF4wo9iif",44,@FoxNews
0.0,Mon Sep 17 20:20:09 +0000 2018,0.0,1.0,0.0,.@SenatorCollins delivers remarks on the allegations against Judge Kavanaugh. https://t.co/V9sHbseD60,45,@FoxNews
0.6369,Mon Sep 17 20:18:36 +0000 2018,0.137,0.476,0.387,A list of Republicans supporting a Kavanaugh Supreme Court confirmation hearing delay. https://t.co/zSrEfQJZgu,46,@FoxNews
-0.0516,Mon Sep 17 20:08:59 +0000 2018,0.148,0.714,0.138,JUST IN: Sen. @OrrinHatch says Kavanaugh denied being at party as described by sex-assault accuser. https://t.co/8SjsDOnBYn,47,@FoxNews
0.0,Mon Sep 17 20:06:54 +0000 2018,0.0,1.0,0.0,".@SenateMajLdr: ""The chain of custody of this letter runs through the Democratic side of the Judiciary Committee.""‚Ä¶ https://t.co/LgkWTWrLnp",48,@FoxNews
0.0,Mon Sep 17 20:06:09 +0000 2018,0.0,1.0,0.0,.@ShepNewsTeam is live with the ‚ÄòFox News Update‚Äô on Facebook Watch: https://t.co/Sb2cju6RMf https://t.co/PWWowxgw5N,49,@FoxNews
0.0,Mon Sep 17 20:04:24 +0000 2018,0.0,1.0,0.0,".@SenateMajLdr: ""[Democrats] did not raise it in the closed session, the proper forum where such an allegation coul‚Ä¶ https://t.co/8V0JvVzyAh",50,@FoxNews
-0.3612,Mon Sep 17 20:02:31 +0000 2018,0.159,0.738,0.103,RT @LelandVittert: Left for dead during rising floodwaters of #HurricaneFlorence we rescued these guys on @foxnews stay tuned for how to he‚Ä¶,51,@FoxNews
0.0,Mon Sep 17 19:49:45 +0000 2018,0.0,1.0,0.0,".@SenateMajLdr: ""Neither she [Feinstein] nor any of her Democratic colleagues chose to raise this allegation during‚Ä¶ https://t.co/W1EY0B9z6K",52,@FoxNews
-0.7096,Mon Sep 17 19:45:03 +0000 2018,0.282,0.718,0.0,"Many roads are closed and severely damaged after Hurricane Florence. @RickLeventhal reports from Ogden, North Carol‚Ä¶ https://t.co/W2Fj2eOIU2",53,@FoxNews
0.34,Mon Sep 17 19:45:00 +0000 2018,0.0,0.833,0.167,.@nikkihaley and her Russian counterpart trade barbs at UN Security Council meeting https://t.co/LAwwtbaeex,54,@FoxNews
0.0,Mon Sep 17 19:41:09 +0000 2018,0.0,1.0,0.0,"Rivers and flood waters are still rising in North Carolina, days after Hurricane Florence ravaged the area.‚Ä¶ https://t.co/Fr1daE48jU",55,@FoxNews
-0.743,Mon Sep 17 19:37:06 +0000 2018,0.474,0.526,0.0,A weakened Florence continues destructive path to the northeast. https://t.co/oVX8BP07Wt,56,@FoxNews
-0.2516,Mon Sep 17 19:29:48 +0000 2018,0.118,0.882,0.0,"BREAKING: Trump defends Kavanaugh in first comments on allegations, says 'little delay' may be needed. https://t.co/sPyfZuz2Tf",57,@FoxNews
0.0,Mon Sep 17 19:27:00 +0000 2018,0.0,1.0,0.0,".@POTUS: ""This should have been brought up a long time ago."" https://t.co/ejCUdbIn66 https://t.co/Np3b2COhL6",58,@FoxNews
-0.5574,Mon Sep 17 19:25:04 +0000 2018,0.204,0.796,0.0,".@POTUS on calls for a delay on the Senate's Kavanaugh vote: ""If it takes a little delay, it'll take a little delay‚Ä¶ https://t.co/y04noT42N0",59,@FoxNews
0.4019,Mon Sep 17 19:21:11 +0000 2018,0.0,0.876,0.124,".@POTUS: ""I wish the Democrats could have done this a lot sooner because they had this information for many months.‚Ä¶ https://t.co/TrxhB2IWMI",60,@FoxNews
0.0,Mon Sep 17 19:20:17 +0000 2018,0.0,1.0,0.0,".@POTUS: ""Judge Kavanaugh is one of the finest people I have ever known."" https://t.co/ejCUdbqMey https://t.co/TOebat5BIA",61,@FoxNews
-0.0516,Mon Sep 17 19:16:00 +0000 2018,0.167,0.677,0.156,"New Hampshire man has toddler climb into arcade game to steal prizes, police say https://t.co/iMu1Hqwnyl",62,@FoxNews
0.4404,Mon Sep 17 19:09:01 +0000 2018,0.0,0.888,0.112,"John Yoo on Manafort plea deal: ‚ÄúThe good news for President Trump is even with the plea, you still don‚Äôt see any c‚Ä¶ https://t.co/JT5Jmqu7YP",63,@FoxNews
-0.3612,Mon Sep 17 19:01:19 +0000 2018,0.098,0.902,0.0,"John Yoo: ‚ÄúI doubt that a lot new will turn up, because this happened so long ago ‚Äî over about 35 years ago. The on‚Ä¶ https://t.co/YTQwj2Ecfq",64,@FoxNews
0.0,Mon Sep 17 18:56:25 +0000 2018,0.0,1.0,0.0,.@SenatorCollins to weigh in on allegations against Judge Kavanaugh https://t.co/90r2IySN2f https://t.co/E0GMb5Atp8,65,@FoxNews
0.5267,Mon Sep 17 18:51:58 +0000 2018,0.0,0.761,0.239,Floodwaters remain high after Hurricane Florence. @KristinaParts has an update from aboard a volunteer rescue boat.‚Ä¶ https://t.co/Cm06Jt35Zl,66,@FoxNews
0.0,Mon Sep 17 18:46:39 +0000 2018,0.0,1.0,0.0,Senator @ChuckGrassley statement on allegations against Judge Kavanaugh https://t.co/ejCUdbqMey https://t.co/wLxYcHTwlT,67,@FoxNews
0.0,Mon Sep 17 18:41:02 +0000 2018,0.0,1.0,0.0,Democratic statement on Judge Brett Kavanaugh https://t.co/90r2IySN2f https://t.co/Ji3wF1pk8b,68,@FoxNews
0.0,Mon Sep 17 18:32:04 +0000 2018,0.0,1.0,0.0,David Goodfriend: ‚ÄúIf indeed the Republicans‚Ä¶are raising their own concerns about spending the time to analyze this‚Ä¶ https://t.co/ZMg58gjt5e,69,@FoxNews
0.0,Mon Sep 17 18:19:45 +0000 2018,0.0,1.0,0.0,North Carolina rivers could crest at historic levels https://t.co/4wHdtvvGc4 https://t.co/Gn0HPQHAhI,70,@FoxNews
0.6249,Mon Sep 17 18:01:58 +0000 2018,0.078,0.615,0.307,"RT @FoxBusiness: Tight job market means better pay, benefits ‚Äì even for seasonal workers https://t.co/fLAyo10Wjw",71,@FoxNews
-0.296,Mon Sep 17 17:45:00 +0000 2018,0.155,0.845,0.0,OPINION: Kavanaugh confirmation: Four ways Democrats' plan to derail nomination could backfire https://t.co/HIXfsfWVzq,72,@FoxNews
0.4767,Mon Sep 17 17:31:00 +0000 2018,0.0,0.807,0.193,"'Trail to Zero' horseback ride raises awareness for veteran suicides, provides therapeutic relief https://t.co/TP9LkDA2Bh",73,@FoxNews
-0.6908,Mon Sep 17 17:00:01 +0000 2018,0.263,0.737,0.0,'Carol Burnett' star Tim Conway recovers from brain surgery as family battle over comic's fate rages on https://t.co/Ta4jJjhUlL,74,@FoxNews
0.3818,Mon Sep 17 16:52:00 +0000 2018,0.0,0.729,0.271,Stunning sphinx discovered at ancient Egyptian temple https://t.co/WTiJJkTPAS,75,@FoxNews
0.0,Mon Sep 17 16:45:00 +0000 2018,0.0,1.0,0.0,New Ram Midsize pickup to be built in USA https://t.co/LimGx8o5lU,76,@FoxNews
-0.296,Mon Sep 17 16:30:01 +0000 2018,0.283,0.556,0.161,Hope fades in the Philippines as frantic search for missing people continues https://t.co/EoEPkPnx5f,77,@FoxNews
0.0,Mon Sep 17 16:22:00 +0000 2018,0.0,1.0,0.0,"Tennessee nurse wrote herself prescriptions for thousands of opioids, documents reveal https://t.co/shCMQCd6ec",78,@FoxNews
-0.5994,Mon Sep 17 16:15:00 +0000 2018,0.206,0.794,0.0,'Who's Kneeling for Him?': Former Cop Reacts After 36th Shooting Death of US Police Officer https://t.co/2g7lLNXilI,79,@FoxNews
0.0,Mon Sep 17 16:06:23 +0000 2018,0.0,1.0,0.0,North Carolina Governor Roy Cooper holds a briefing on Florence. https://t.co/Wf460VGDzh (Courtesy: WTVD)  https://t.co/z9mosdDNqi,80,@FoxNews
0.0,Mon Sep 17 16:00:03 +0000 2018,0.0,1.0,0.0,The U.S. Constitution turns 231 today https://t.co/LUY1ta3TpT,81,@FoxNews
-0.4767,Mon Sep 17 15:52:00 +0000 2018,0.14,0.86,0.0,Waters closed following Cape Cod shark attack; beach manager says people will need to use 'common sense' after fata‚Ä¶ https://t.co/NYw3ZNjNUP,82,@FoxNews
0.0,Mon Sep 17 15:45:00 +0000 2018,0.0,1.0,0.0,Parking lesson ends with car in swimming pool https://t.co/s65bEPzUiv,83,@FoxNews
-0.5574,Mon Sep 17 15:30:01 +0000 2018,0.375,0.625,0.0,Doctors push ban on baby walkers https://t.co/0k5p57Msv5,84,@FoxNews
0.0,Mon Sep 17 15:19:25 +0000 2018,0.0,1.0,0.0,"RT @FoxBusiness: .@SecretaryZinke: ""We've unwound maybe 22 regulations for every one we put in."" https://t.co/sbhRIwBoN4",85,@FoxNews
0.5106,Mon Sep 17 15:18:32 +0000 2018,0.0,0.852,0.148,"RT @FoxBusiness: .@SecretaryZinke on #Florence recovery efforts: ""We're out there doing search and rescue, and the first responders are doi‚Ä¶",86,@FoxNews
0.6976,Mon Sep 17 15:15:00 +0000 2018,0.0,0.776,0.224,"Gen Jack Keane (Ret): ‚ÄúWe‚Äôve got very good, competent local leaders, and if you don‚Äôt have that, you‚Äôre going to ha‚Ä¶ https://t.co/QOWJGy2TeQ",87,@FoxNews
0.0,Mon Sep 17 15:10:00 +0000 2018,0.0,1.0,0.0,Bill Saffo: ‚ÄúWe are an island amongst ourselves right now.‚Äù @AmericaNewsroom https://t.co/wfpfvZ6wXs,88,@FoxNews
0.7003,Mon Sep 17 15:05:00 +0000 2018,0.0,0.746,0.254,"Comedian Rachel Feinstein talks marrying FDNY captain, why she chose Amy Schumer to be her maid of honor https://t.co/wdtKSj8Hlp",89,@FoxNews
0.3612,Mon Sep 17 14:55:00 +0000 2018,0.0,0.815,0.185,.@judgenap: Get Ready for Another Version of Clarence Thomas-Anita Hill Hearings https://t.co/wwHmDmRega,90,@FoxNews
-0.802,Mon Sep 17 14:35:00 +0000 2018,0.324,0.676,0.0,Asia Argento tweets threat to sue Rose McGowan over statement on Jimmy Bennett sex assault case https://t.co/7rKrxjHDnn,91,@FoxNews
-0.5859,Mon Sep 17 14:27:22 +0000 2018,0.257,0.743,0.0,Breaking News: Brett Kavanaugh dismisses sexual assault allegations as ‚Äòcompletely false‚Äô https://t.co/oVJjwlo18h,92,@FoxNews
0.0601,Mon Sep 17 14:22:25 +0000 2018,0.173,0.64,0.188,"RT @FoxBusiness: RECALL ALERT: GM recalls trucks, SUVs for brake problem https://t.co/PPW13BbkxG",93,@FoxNews
0.0,Mon Sep 17 14:15:00 +0000 2018,0.0,1.0,0.0,Kavanaugh accuser says she‚Äôs willing to testify; @pdoocy reports https://t.co/pQAEsW7YaN @AmericaNewsroom https://t.co/LNzo2SE6GM,94,@FoxNews
0.0,Mon Sep 17 14:00:02 +0000 2018,0.0,1.0,0.0,Vincent Hill on @foxandfriends: ‚ÄúEnough is enough.‚Äù https://t.co/45TjAh2FFK https://t.co/Bw95P54I09,95,@FoxNews
0.7717,Mon Sep 17 13:53:32 +0000 2018,0.0,0.705,0.295,Attorney General Jeff Sessions delivers remarks at the Justice Department's Forum on Free Speech in Higher Educatio‚Ä¶ https://t.co/XclfXxEU30,96,@FoxNews
-0.6597,Mon Sep 17 13:50:23 +0000 2018,0.224,0.732,0.045,"RT @FoxNewsResearch: Florence Flood Threat:
‚Ä¢Wilmington, NC cut off by flood waters
‚Ä¢Seven rivers in NC could reach major flooding levels‚Ä¶",97,@FoxNews
0.3818,Mon Sep 17 13:48:06 +0000 2018,0.0,0.794,0.206,"RT @FoxBusiness: Americans prefer cash over credit for small purchases
https://t.co/gcyNX49Y5q",98,@FoxNews
0.2263,Mon Sep 17 13:45:00 +0000 2018,0.129,0.68,0.19,"Animals rescued from Florence floodwaters, after pets left behind or forgotten https://t.co/m7Gk0W42Cy",99,@FoxNews
0.4767,Tue Sep 18 01:15:09 +0000 2018,0.0,0.693,0.307,A running list of winners of the Emmys https://t.co/nphLmbLry3,0,@NYTimes
0.0,Tue Sep 18 01:02:07 +0000 2018,0.0,1.0,0.0,Evening Briefing: Here's what you need to know at the end of the day https://t.co/rh4cZKwrWi,1,@NYTimes
0.0,Tue Sep 18 00:47:04 +0000 2018,0.0,1.0,0.0,Surging floodwaters from Florence swept away part of a retaining wall holding back a pond of coal ash and have also‚Ä¶ https://t.co/wQzbk0CgJk,2,@NYTimes
0.9361,Tue Sep 18 00:28:00 +0000 2018,0.0,0.54,0.46,"RT @poniewozik: Are you ready to PARTY
Are you ready to LIVE BLOG
Are you ready to KINDA CARE about the EMMMMMMYS
https://t.co/Tq1BIMkx4b",3,@NYTimes
-0.5994,Tue Sep 18 00:11:02 +0000 2018,0.214,0.712,0.075,RT @nytopinion: Trump and his allies believe that a certain class of men accused of sexual assault deserve impunity. The question now is ho‚Ä¶,4,@NYTimes
0.2023,Mon Sep 17 23:59:04 +0000 2018,0.104,0.76,0.136,Will the Emmys be a battle of former champions? Eyes are on ‚ÄúGame of Thrones‚Äù and ‚ÄúThe Handmaid‚Äôs Tale.‚Äù Live updat‚Ä¶ https://t.co/p3gkowwMIl,5,@NYTimes
0.5859,Mon Sep 17 23:48:06 +0000 2018,0.0,0.826,0.174,"Nearly 2 weeks after the primary, Lori Trahan has been declared the winner in the Third District of Massachusetts https://t.co/5L01ehE0Jg",6,@NYTimes
0.3818,Mon Sep 17 23:37:05 +0000 2018,0.0,0.867,0.133,"A year ago, Jenifer Lewis's red carpet look would have been a bold fashion statement. Now, it‚Äôs a political one.‚Ä¶ https://t.co/Gct4pbIMsN",7,@NYTimes
0.0,Mon Sep 17 23:26:03 +0000 2018,0.0,1.0,0.0,Evening Briefing: Here's what you need to know at the end of the day https://t.co/vll9dhtfRr,8,@NYTimes
0.3612,Mon Sep 17 23:11:04 +0000 2018,0.0,0.898,0.102,"RT @BCAppelbaum: One consequence of tariffs that doesn‚Äôt get much attention: Foreign companies are drawn to the U.S.

That may sound like a‚Ä¶",9,@NYTimes
0.0,Mon Sep 17 22:57:17 +0000 2018,0.0,1.0,0.0,Issa Rae! Donald Glover! Yvonne Strahovski! Kristen Bell! Here are all the looks from the Emmys red carpet. https://t.co/g9L1nH41Uy,10,@NYTimes
0.0,Mon Sep 17 22:45:04 +0000 2018,0.0,1.0,0.0,Breaking News: The U.S. will tax nearly half of all Chinese imports: President Trump announced tariffs on $200 bill‚Ä¶ https://t.co/76RKMiyFYt,11,@NYTimes
-0.4019,Mon Sep 17 22:32:08 +0000 2018,0.162,0.838,0.0,Betting against cannabis stocks has come with large losses and big fees this summer https://t.co/zbbwzSpzma,12,@NYTimes
-0.34,Mon Sep 17 22:15:10 +0000 2018,0.217,0.652,0.13,Breaking News: The Supreme Court nominee Brett Kavanaugh and the woman who accused him of sexual assault will be ca‚Ä¶ https://t.co/qkrqXKQlzT,13,@NYTimes
0.8689,Mon Sep 17 22:06:03 +0000 2018,0.0,0.62,0.38,"RT @mlooram: A beautiful and spot-on appreciation of dear Ruby Washington, the first African-American female staff photographer for The New‚Ä¶",14,@NYTimes
-0.3182,Mon Sep 17 21:53:03 +0000 2018,0.131,0.804,0.065,"Breaking News: The Trump administration announced a new cap of 30,000 for resettling refugees, the lowest number ye‚Ä¶ https://t.co/nczCsexrOQ",15,@NYTimes
0.0,Mon Sep 17 21:41:06 +0000 2018,0.0,1.0,0.0,Hundreds of companies are patenting sea organisms' most exceptional genetic traits to make medicine and cosmetics https://t.co/k56Z2Ur4KV,16,@NYTimes
0.25,Mon Sep 17 21:40:09 +0000 2018,0.098,0.714,0.187,The actor Terry Crews said he had reached a settlement with the talent executive he accused of groping him https://t.co/2XmDwTsERL,17,@NYTimes
0.5859,Mon Sep 17 21:25:04 +0000 2018,0.133,0.586,0.281,"RT @NYTObits: Alan Abel, a hoaxer who in 1980 successfully convinced The Times that he was dead, now actually is (we're pretty sure) https:‚Ä¶",18,@NYTimes
0.6908,Mon Sep 17 21:10:04 +0000 2018,0.0,0.749,0.251,"""I like how she stood up for herself."" Sonia Sotomayor got an enthusiastic response from kids, especially Hispanic‚Ä¶ https://t.co/OaHePWYwkD",19,@NYTimes
-0.1779,Mon Sep 17 20:55:03 +0000 2018,0.166,0.734,0.1,"Termites are the unloved freaks of the social insect world. But, as a new book makes clear, we have got termites al‚Ä¶ https://t.co/6UyDsZlBSx",20,@NYTimes
0.0,Mon Sep 17 20:40:08 +0000 2018,0.0,1.0,0.0,"Photos: Hong Kong, after it was battered by Typhoon Mangkhut https://t.co/dsc47SPc24",21,@NYTimes
0.4588,Mon Sep 17 20:25:04 +0000 2018,0.0,0.75,0.25,The Emmy Awards are tonight. Here's what to expect. https://t.co/TvE4EcZ7l1,22,@NYTimes
-0.5859,Mon Sep 17 20:10:08 +0000 2018,0.167,0.833,0.0,Brett Kavanaugh said he was willing to speak with a Senate panel to answer assault allegations after his accuser sa‚Ä¶ https://t.co/16ezZKuO01,23,@NYTimes
0.25,Mon Sep 17 20:06:51 +0000 2018,0.097,0.766,0.137,"President Trump defended Judge Brett Kavanaugh in light of an assault claim, but said he'd be willing to accept a d‚Ä¶ https://t.co/Zk2d76Lkkk",24,@NYTimes
0.0,Mon Sep 17 20:02:04 +0000 2018,0.0,1.0,0.0,More than 40 bodies have been recovered from the wreckage of a gold miners‚Äô bunkhouse after Typhoon Mangkhut set of‚Ä¶ https://t.co/dXctBdY9fk,25,@NYTimes
0.0,Mon Sep 17 19:58:01 +0000 2018,0.0,1.0,0.0,"Wilmington, North Carolina, a city of about 119,000 residents, was virtually cutoff by rising floodwaters. Authorit‚Ä¶ https://t.co/295gnzOZOz",26,@NYTimes
0.128,Mon Sep 17 19:47:57 +0000 2018,0.0,0.914,0.086,Ted Cruz‚Äôs campaign has been sending voters a fund-raising letter with a label suggesting it's a legal summons. Tha‚Ä¶ https://t.co/UwGyz2aoTQ,27,@NYTimes
-0.3182,Mon Sep 17 19:38:04 +0000 2018,0.113,0.887,0.0,"RT @nytimesarts: Knausgaard's 400-page digression about Hitler in ""My Struggle"" is ""a grindingly sophomoric exercise that sits undigested u‚Ä¶",28,@NYTimes
0.4859,Mon Sep 17 19:28:04 +0000 2018,0.0,0.792,0.208,"Tekiah? More like tech-iah, are we right?
(Yeah, we'll show ourselves out.)
https://t.co/78tDxoPs8e",29,@NYTimes
0.4404,Mon Sep 17 19:18:04 +0000 2018,0.0,0.804,0.196,"Russia and Turkey said they'd create a demilitarized zone in Syria‚Äôs Idlib Province, the last significant piece of‚Ä¶ https://t.co/amqSUfsfmT",30,@NYTimes
0.0,Mon Sep 17 19:08:06 +0000 2018,0.0,1.0,0.0,Surging floodwaters from Florence have swept away part of a retaining wall holding back a pond of coal ash ‚Äì which‚Ä¶ https://t.co/cNZ4XVj2LR,31,@NYTimes
0.0,Mon Sep 17 18:58:06 +0000 2018,0.0,1.0,0.0,"Michael Bloomberg says he may run for president as a Democrat. But his views on banks, police tactics and #MeToo co‚Ä¶ https://t.co/h0V1l73Sug",32,@NYTimes
0.5719,Mon Sep 17 18:48:04 +0000 2018,0.098,0.684,0.218,RT @NYTSports: German soccer has had an awful year. Can it recover in time to win hosting rights for the 2024 European Championship? https:‚Ä¶,33,@NYTimes
0.0,Mon Sep 17 18:38:04 +0000 2018,0.0,1.0,0.0,"House Republicans will investigate reports that Brock Long, the administrator of FEMA, repeatedly misused governmen‚Ä¶ https://t.co/RxoJu9PBrC",34,@NYTimes
-0.4019,Mon Sep 17 18:28:01 +0000 2018,0.137,0.863,0.0,"The saltmarsh sparrow is in trouble as the sea level keeps rising, pushing tides higher and higher. https://t.co/SFlDaFptBe",35,@NYTimes
-0.3182,Mon Sep 17 18:18:01 +0000 2018,0.108,0.892,0.0,RT @nytimesworld: Taiwan denounced accusations by China that it is recruiting students as spies: ‚ÄúHow could average exchange students posse‚Ä¶,36,@NYTimes
0.4939,Mon Sep 17 18:08:04 +0000 2018,0.148,0.602,0.25,"How to help those affected by Typhoon Mangkhut: https://t.co/fksKlAFOqC
How to help those affected by Florence:‚Ä¶ https://t.co/9wu0MYNnqS",37,@NYTimes
0.0,Mon Sep 17 17:58:03 +0000 2018,0.0,1.0,0.0,"President Trump's next round of tariffs on China will be ""coming soon,"" according to Larry Kudlow, his economic adv‚Ä¶ https://t.co/dEqLpKf2N7",38,@NYTimes
0.1027,Mon Sep 17 17:48:02 +0000 2018,0.082,0.819,0.099,"RT @NYTmag: In the long-awaited final volume of his epic novel, Karl Ove Knausgaard confronts the central mystery of autobiographical ficti‚Ä¶",39,@NYTimes
0.0,Mon Sep 17 17:38:01 +0000 2018,0.0,1.0,0.0,"With the midterms fast approaching, Hillary Clinton has written a scathing critique of President Trump published in‚Ä¶ https://t.co/8pP2X9nZBy",40,@NYTimes
-0.4767,Mon Sep 17 17:28:02 +0000 2018,0.134,0.866,0.0,"In years past, Obamacare was the stuff of Republican attack ads. This time around, it's Democrats who are running o‚Ä¶ https://t.co/vX5ieun4vG",41,@NYTimes
-0.4939,Mon Sep 17 17:18:01 +0000 2018,0.144,0.856,0.0,"RT @NYTStyles: ""Up until recently, one of my only productive strategies for working with fear was dressing with intention"" https://t.co/Dyb‚Ä¶",42,@NYTimes
0.2235,Mon Sep 17 17:08:01 +0000 2018,0.0,0.924,0.076,"Before this week, Paul McCartney hadn't achieved a No. 1 album of his own in 36 years. To do it this time, he had t‚Ä¶ https://t.co/Wpz9l5qIMY",43,@NYTimes
0.0,Mon Sep 17 16:58:06 +0000 2018,0.0,1.0,0.0,"RT @nytimesworld: ‚ÄúI‚Äôm not a king,‚Äù said Ethiopia's prime minister. ‚ÄúMy ultimate objective is to see democratic elections in Ethiopia. If t‚Ä¶",44,@NYTimes
0.0,Mon Sep 17 16:48:08 +0000 2018,0.0,1.0,0.0,Their podcast is about blockchain. But it's also about what it means to be working mothers who are trying to make a‚Ä¶ https://t.co/M2rdlQ6xAj,45,@NYTimes
0.0,Mon Sep 17 16:38:05 +0000 2018,0.0,1.0,0.0,He spent about 50 years collecting Abraham Lincoln memorabilia. Now Harold Holzer is auctioning off almost everythi‚Ä¶ https://t.co/IfbCsrrS0o,46,@NYTimes
0.8516,Mon Sep 17 16:28:02 +0000 2018,0.0,0.672,0.328,"RT @KevinQ: Obviously @EliudKipchoge is the world's greatest marathoner, and he could absolutely win marathons while wearing cowboy boots.‚Ä¶",47,@NYTimes
0.0,Mon Sep 17 16:18:05 +0000 2018,0.0,1.0,0.0,"After Florence, days of record-breaking rain have pushed rivers over their banks. Water levels are unlikely to rece‚Ä¶ https://t.co/GIKUrOEIDk",48,@NYTimes
-0.2732,Mon Sep 17 16:03:20 +0000 2018,0.104,0.896,0.0,"Rep. Chris Collins, who was indicted on insider trading charges last month, reversed course and planned to announce‚Ä¶ https://t.co/5z5EQ7R4b3",49,@NYTimes
0.0,Mon Sep 17 15:58:03 +0000 2018,0.0,1.0,0.0,There were nearly 900 incidents last year in which someone was on the subway tracks or was hit by a train after get‚Ä¶ https://t.co/LazalkKGyN,50,@NYTimes
0.0,Mon Sep 17 15:48:05 +0000 2018,0.0,1.0,0.0,"On the internet, we can vicariously consume more stuff than we could ever actually buy. Are unboxing videos elimina‚Ä¶ https://t.co/VqWiB6SZIj",51,@NYTimes
0.0,Mon Sep 17 15:38:04 +0000 2018,0.0,1.0,0.0,"RT @nytopinion: Just as many Americans are fed up with the economic status quo, so too are they fed up with business as usual in foreign po‚Ä¶",52,@NYTimes
0.128,Mon Sep 17 15:28:05 +0000 2018,0.224,0.531,0.245,Australian authorities vowed to shut down a popular music festival after 2 people died of suspected drug overdoses‚Ä¶ https://t.co/RvJyr1A0lk,53,@NYTimes
0.0,Mon Sep 17 15:18:02 +0000 2018,0.0,1.0,0.0,"RT @alexburnsNYT: Bloomberg says if he runs for president, it‚Äôll be as a Democrat

He‚Äôs about to begin ads pummeling House Republicans

Fir‚Ä¶",54,@NYTimes
0.0,Mon Sep 17 15:08:01 +0000 2018,0.0,1.0,0.0,The trial of the Chicago police officer who shot Laquan McDonald is underway. Here's why Chicago is watching it so‚Ä¶ https://t.co/IEZVs1CPGX,55,@NYTimes
0.0,Mon Sep 17 14:58:02 +0000 2018,0.0,1.0,0.0,"Marc Benioff, the billionaire who is buying Time magazine, explains why he's buying Time magazine  https://t.co/On8XArWfCZ",56,@NYTimes
0.0,Mon Sep 17 14:48:36 +0000 2018,0.0,1.0,0.0,"Florence's impact, in maps https://t.co/D5oUmcuT0u https://t.co/3n5bGPqHDI",57,@NYTimes
-0.5859,Mon Sep 17 14:46:43 +0000 2018,0.174,0.826,0.0,Breaking News: Judge Brett Kavanaugh said he was willing to speak with a Senate panel to answer assault allegations‚Ä¶ https://t.co/T6UexK0GMu,58,@NYTimes
0.6249,Mon Sep 17 14:38:01 +0000 2018,0.0,0.779,0.221,RT @TimHerrera: We all want to be charming talkers who can work a room. Here are 3 steps to becoming one. https://t.co/J7A5E01AZy,59,@NYTimes
0.0,Mon Sep 17 14:29:04 +0000 2018,0.0,1.0,0.0,"In Rwanda, untreated strep throat can evolve into a life-threatening heart condition. A team of doctors travels the‚Ä¶ https://t.co/O4wyAoCzy0",60,@NYTimes
-0.34,Mon Sep 17 14:18:31 +0000 2018,0.217,0.652,0.13,The woman who has accused Supreme Court nominee Brett Kavanaugh of sexual assault is willing to testify about her a‚Ä¶ https://t.co/42A5jLRV59,61,@NYTimes
-0.1531,Mon Sep 17 14:14:03 +0000 2018,0.125,0.776,0.099,"North Korea is making nuclear fuel and building weapons as actively as ever, evidence suggests. But Kim Jong-un now‚Ä¶ https://t.co/AnWCUqCoT0",62,@NYTimes
-0.8126,Mon Sep 17 14:00:05 +0000 2018,0.291,0.709,0.0,The center of Tropical Depression Florence has left the Carolinas. But the chaos that the storm unleashed is nowher‚Ä¶ https://t.co/1ccA33RjNX,63,@NYTimes
0.0,Mon Sep 17 13:46:04 +0000 2018,0.0,1.0,0.0,People across Australia have bitten into store-bought strawberries in recent weeks and found needles hidden inside https://t.co/CCtztjmFZ2,64,@NYTimes
-0.7184,Mon Sep 17 13:30:13 +0000 2018,0.3,0.7,0.0,"Kellyanne Conway said the woman who accused Brett Kavanaugh of sexual assault ""will be heard"" https://t.co/IzXkZ0gNyU",65,@NYTimes
-0.4939,Mon Sep 17 13:14:02 +0000 2018,0.276,0.724,0.0,"Video: The North Carolina governor warned the ""risk to life is rising"" https://t.co/vFW8niIGK5",66,@NYTimes
0.0,Mon Sep 17 13:00:10 +0000 2018,0.0,1.0,0.0,Morning¬†Briefing: Here's what you need to know to start your day https://t.co/RLfhCySdeL https://t.co/A1piAVisgv,67,@NYTimes
0.7964,Mon Sep 17 12:44:06 +0000 2018,0.0,0.677,0.323,RT @TinaJordanNYT: I had the chance to ask reclusive author Robert Galbraith ‚Äì good friend of @jk_rowling ‚Äî a few questions about his Cormo‚Ä¶,68,@NYTimes
0.0,Mon Sep 17 12:30:13 +0000 2018,0.0,1.0,0.0,See inside Typhoon Mangkhut in 3-D  https://t.co/v8yLCgjxOy https://t.co/W4MgffJfDn,69,@NYTimes
-0.4215,Mon Sep 17 12:20:06 +0000 2018,0.123,0.877,0.0,"Eliud Kipchoge, who is widely regarded as the most dominant distance runner of the modern era, broke the world reco‚Ä¶ https://t.co/hjOfk4QajI",70,@NYTimes
-0.9022,Mon Sep 17 12:11:03 +0000 2018,0.369,0.631,0.0,A man was killed by a shark off Cape Cod over the weekend in the first fatal shark attack in Massachusetts since 19‚Ä¶ https://t.co/IEzMGvM011,71,@NYTimes
0.2023,Mon Sep 17 12:00:06 +0000 2018,0.0,0.904,0.096,"Your daily @DealBook Briefing:

‚Ä¢ Top business donors break from the GOP.¬†

‚Ä¢ Marc Benioff is the latest billionair‚Ä¶ https://t.co/SG8TJ46iTZ",72,@NYTimes
0.5499,Mon Sep 17 11:45:07 +0000 2018,0.0,0.822,0.178,"""It's easy to say, 'I love God,' but put on your boots, get your hands dirty,"" said a pastor in flood-sunken New Be‚Ä¶ https://t.co/aw2ftjMTiX",73,@NYTimes
-0.5719,Mon Sep 17 11:30:12 +0000 2018,0.198,0.802,0.0,"There's no doubt Tesla and Elon Musk have plenty of detractors, especially on Twitter. But many of those who believ‚Ä¶ https://t.co/StcfVkEOMN",74,@NYTimes
-0.5994,Mon Sep 17 11:20:04 +0000 2018,0.213,0.722,0.065,"The man stood casually on the subway tracks, his face showing no sign of terror as he stared down a 360-ton train https://t.co/txN6Dgosce",75,@NYTimes
-0.6249,Mon Sep 17 11:11:05 +0000 2018,0.204,0.796,0.0,North Carolina is facing a statewide crisis as Hurricane Florence slowly ravages the South. Here's what's happening‚Ä¶ https://t.co/1PV2hsHKQt,76,@NYTimes
0.0772,Mon Sep 17 11:00:18 +0000 2018,0.0,0.936,0.064,Molly Kelly fended off a challenge from the left this week to become the Democratic nominee for New Hampshire's gov‚Ä¶ https://t.co/lP1OPuCuZw,77,@NYTimes
0.0772,Mon Sep 17 10:45:02 +0000 2018,0.086,0.812,0.102,"Soon-Yi Previn said starting a relationship with Woody Allen, who once dated her mother, created ""a moral dilemma"" https://t.co/bghcPMUss7",78,@NYTimes
0.0,Mon Sep 17 10:30:10 +0000 2018,0.106,0.787,0.106,"There has been another huge misinformation campaign online before an election, this time in Macedonia, and the U.S.‚Ä¶ https://t.co/I2qWkVCs9B",79,@NYTimes
-0.2732,Mon Sep 17 10:20:11 +0000 2018,0.225,0.632,0.142,A woman who accuses Supreme Court nominee Brett M. Kavanaugh of sexually assaulting her when both were high school‚Ä¶ https://t.co/R0FH6nzgBJ,80,@NYTimes
0.0,Mon Sep 17 10:10:02 +0000 2018,0.0,1.0,0.0,Michael Bloomberg may run for President as a Democrat. His views on policing and #MeToo could be a problem.‚Ä¶ https://t.co/q4ZueDZJRy,81,@NYTimes
0.0,Mon Sep 17 10:00:09 +0000 2018,0.0,1.0,0.0,Morning¬†Briefing: Here's what you need to know to start your day https://t.co/qFjVAjZXqa https://t.co/2eee78gcDu,82,@NYTimes
0.0,Mon Sep 17 09:44:01 +0000 2018,0.0,1.0,0.0,"RT @nytimesworld: Museums are where we tell stories about ourselves -- about who we are as individuals, communities, nations, even as a spe‚Ä¶",83,@NYTimes
-0.3612,Mon Sep 17 09:41:05 +0000 2018,0.154,0.751,0.095,"""North Korea will highlight the discrepancy: 'Why do the American troops remain in Korea now that the war has ended‚Ä¶ https://t.co/mye3xrsWOZ",84,@NYTimes
0.4939,Mon Sep 17 09:15:06 +0000 2018,0.083,0.744,0.174,RT @JackEwingNYT: I still say the evolution of the Beetle from Nazi propaganda project to counterculture phenomenon was the greatest rebran‚Ä¶,85,@NYTimes
0.5267,Mon Sep 17 09:00:17 +0000 2018,0.0,0.804,0.196,7 years after @sweden began giving ordinary Swedes the chance to be the more-or-less official voice of the nation o‚Ä¶ https://t.co/sX5smUK5fn,86,@NYTimes
0.4019,Mon Sep 17 08:31:56 +0000 2018,0.0,0.856,0.144,"The first full-dress retrospective in North America devoted to the French painter Eug√®ne Delacroix, a complex, enig‚Ä¶ https://t.co/o3TiIOJ7QZ",87,@NYTimes
-0.128,Mon Sep 17 08:15:03 +0000 2018,0.199,0.664,0.137,How do companies regain public trust after something goes seriously wrong? We looked at how Tylenol responded after‚Ä¶ https://t.co/SYCHe8Pq5D,88,@NYTimes
-0.6124,Mon Sep 17 08:00:11 +0000 2018,0.227,0.773,0.0,The Russia spy scandal has claimed another victim: debutantes. Organizers have pulled the plug on the annual Russia‚Ä¶ https://t.co/SMN2h5Zhih,89,@NYTimes
-0.8523,Mon Sep 17 07:46:56 +0000 2018,0.341,0.659,0.0,"RT @stevenleemyers: In Yangjiang, broken glass, downed branches and the remains of a giant sign, but damage seems less severe than feared.‚Ä¶",90,@NYTimes
-0.3818,Mon Sep 17 07:45:05 +0000 2018,0.126,0.874,0.0,"More than 230,000 infants were treated in emergency rooms for injuries incurred while using infant walkers from 199‚Ä¶ https://t.co/MFGUyGy6yl",91,@NYTimes
-0.34,Mon Sep 17 07:30:06 +0000 2018,0.112,0.888,0.0,The air travel disruptions that rippled across Asia from the storm continued into Monday. Some flights arrived at a‚Ä¶ https://t.co/9aaUoDS7Hi,92,@NYTimes
0.8341,Mon Sep 17 07:15:03 +0000 2018,0.0,0.554,0.446,3 concrete tips that will help you become a more engaged ‚Äî and enjoyable ‚Äî conversation partner https://t.co/uwNnJLt7mj,93,@NYTimes
-0.6705,Mon Sep 17 07:00:04 +0000 2018,0.244,0.756,0.0,"As President Trump ratchets up the trade war with Beijing, Wall Street‚Äôs words are falling on deaf ears https://t.co/jfxngSxQAW",94,@NYTimes
0.7964,Mon Sep 17 06:59:48 +0000 2018,0.0,0.705,0.295,RT @davidenrich: This is my favorite page in today‚Äôs superb @nytimesbusiness section on the financial crisis‚Äôs 10th anniversary. https://t.‚Ä¶,95,@NYTimes
0.0,Mon Sep 17 06:45:02 +0000 2018,0.0,1.0,0.0,"A day after Typhoon Mangkhut tore through the Philippines, officials began to discover that the human toll from the‚Ä¶ https://t.co/AHhlYa8wmm",96,@NYTimes
-0.2732,Mon Sep 17 06:30:07 +0000 2018,0.13,0.87,0.0,U.S. prosecutors have quietly dismissed charges against a former Senegalese government official in a Chinese energy‚Ä¶ https://t.co/D8NiOQxkPz,97,@NYTimes
0.0,Mon Sep 17 06:15:05 +0000 2018,0.0,1.0,0.0,"After 5 elections over 17 years, costing about $1 billion, Afghanistan still lacks the most basic consensus on how‚Ä¶ https://t.co/WbUAx9w1Ey",98,@NYTimes
-0.6243,Mon Sep 17 06:00:06 +0000 2018,0.17,0.83,0.0,"With the deal for Time, the Benioffs have picked up one of the most storied ‚Äî but struggling ‚Äî publications in the‚Ä¶ https://t.co/A3h9pSGKYQ",99,@NYTimes
